"listing_index","listed_title","listed_date","download_name","url","report_date","epi_week_listed","report_year","hash","file","duplicate_of_week","downloaded","bytes","error","pages","has_text","epi_week_pdf","year_pdf","page_table3","caption_table3","week_mismatch","md5","duplicate_content_of","png","extract_png"
481,"An update of Lassa fever outbreak in Nigeria for Week 13","31 March 2007","An update of Lassa fever outbreak in Nigeria_310307_13.pdf","https://ncdc.gov.ng/themes/common/files/sitreps/17bec99d90a8fb03af1af279a07253c6.pdf",2007-03-31,13,2007,"17bec99d90a8fb03af1af279a07253c6","lassa_sitrep_2007_w13_20070331.pdf",FALSE,TRUE,1223156,NA,3,TRUE,NA,2017,NA,NA,FALSE,"17bec99d90a8fb03af1af279a07253c6",NA,NA,NA
480,"An update of Lassa fever outbreak in Nigeria for Week 2","03 January 2017","An update of Lassa fever outbreak in Nigeria_030117_2.pdf","https://ncdc.gov.ng/themes/common/files/sitreps/1d5875a96a8ce2f4007305d7ef77604b.pdf",2017-01-03,2,2017,"1d5875a96a8ce2f4007305d7ef77604b","lassa_sitrep_2017_w02_20170103.pdf",FALSE,TRUE,281873,NA,1,TRUE,NA,2017,NA,NA,FALSE,"1d5875a96a8ce2f4007305d7ef77604b",NA,NA,NA
479,"An update of Lassa fever outbreak in Nigeria for Week 6","03 February 2017","An update of Lassa fever outbreak in Nigeria_030217_6.pdf","https://ncdc.gov.ng/themes/common/files/sitreps/19ffa9abdade168db2c6f34f324465aa.pdf",2017-02-03,6,2017,"19ffa9abdade168db2c6f34f324465aa","lassa_sitrep_2017_w06_20170203.pdf",FALSE,TRUE,1029654,NA,1,TRUE,NA,2017,NA,NA,FALSE,"19ffa9abdade168db2c6f34f324465aa",NA,NA,NA
478,"An update of Lassa fever outbreak in Nigeria for Week 7","10 February 2017","An update of Lassa fever outbreak in Nigeria_100217_7.pdf","https://ncdc.gov.ng/themes/common/files/sitreps/23804db9bfce73a161432fe63dfd76ce.pdf",2017-02-10,7,2017,"23804db9bfce73a161432fe63dfd76ce","lassa_sitrep_2017_w07_20170210.pdf",FALSE,TRUE,1087203,NA,3,TRUE,NA,2017,NA,NA,FALSE,"23804db9bfce73a161432fe63dfd76ce",NA,NA,NA
477,"An update of Lassa fever outbreak in Nigeria for Week 8","17 February 2017","An update of Lassa fever outbreak in Nigeria_170217_8.pdf","https://ncdc.gov.ng/themes/common/files/sitreps/92dcf16547c13c089ec7842a10cd9ca7.pdf",2017-02-17,8,2017,"92dcf16547c13c089ec7842a10cd9ca7","lassa_sitrep_2017_w08_20170217.pdf",FALSE,TRUE,980938,NA,3,TRUE,NA,2017,NA,NA,FALSE,"92dcf16547c13c089ec7842a10cd9ca7",NA,NA,NA
476,"An update of Lassa fever outbreak in Nigeria for Week 9","24 February 2017","An update of Lassa fever outbreak in Nigeria_240217_9.pdf","https://ncdc.gov.ng/themes/common/files/sitreps/ea6086b0f1325768069c992523ca0453.pdf",2017-02-24,9,2017,"ea6086b0f1325768069c992523ca0453","lassa_sitrep_2017_w09_20170224.pdf",FALSE,TRUE,748394,NA,1,TRUE,NA,2017,NA,NA,FALSE,"ea6086b0f1325768069c992523ca0453",NA,NA,NA
475,"An update of Lassa fever outbreak in Nigeria for Week 10","03 March 2017","An update of Lassa fever outbreak in Nigeria_030317_10.pdf","https://ncdc.gov.ng/themes/common/files/sitreps/f6459dcfacf635c7a50e6ae9071199bb.pdf",2017-03-03,10,2017,"f6459dcfacf635c7a50e6ae9071199bb","lassa_sitrep_2017_w10_20170303.pdf",FALSE,TRUE,289269,NA,3,TRUE,NA,2017,NA,NA,FALSE,"f6459dcfacf635c7a50e6ae9071199bb",NA,NA,NA
474,"An update of Lassa fever outbreak in Nigeria for Week 11","10 March 2017","An update of Lassa fever outbreak in Nigeria_100317_11.pdf","https://ncdc.gov.ng/themes/common/files/sitreps/e561f2e4af6236dc5e53b3d980592d5a.pdf",2017-03-10,11,2017,"e561f2e4af6236dc5e53b3d980592d5a","lassa_sitrep_2017_w11_20170310.pdf",FALSE,TRUE,842222,NA,1,TRUE,NA,2017,NA,NA,FALSE,"e561f2e4af6236dc5e53b3d980592d5a",NA,NA,NA
473,"An update of Lassa fever outbreak in Nigeria for Week 14","31 March 2017","An update of Lassa fever outbreak in Nigeria_310317_14.pdf","https://ncdc.gov.ng/themes/common/files/sitreps/e729dc3f4e2ed05a193cfdb391efd564.pdf",2017-03-31,14,2017,"e729dc3f4e2ed05a193cfdb391efd564","lassa_sitrep_2017_w14_20170331.pdf",FALSE,TRUE,1051273,NA,1,TRUE,NA,2017,NA,NA,FALSE,"e729dc3f4e2ed05a193cfdb391efd564",NA,NA,NA
472,"An update of Lassa fever outbreak in Nigeria for Week 16","14 April 2017","An update of Lassa fever outbreak in Nigeria_140417_16.pdf","https://ncdc.gov.ng/themes/common/files/sitreps/caf8aba94af425e02df73ed2cc4c7870.pdf",2017-04-14,16,2017,"caf8aba94af425e02df73ed2cc4c7870","lassa_sitrep_2017_w16_20170414.pdf",FALSE,TRUE,1108437,NA,1,TRUE,NA,2017,NA,NA,FALSE,"caf8aba94af425e02df73ed2cc4c7870",NA,NA,NA
471,"An update of Lassa fever outbreak in Nigeria for Week 18","28 April 2017","An update of Lassa fever outbreak in Nigeria_280417_18.pdf","https://ncdc.gov.ng/themes/common/files/sitreps/111152336cc8b62a1a5ccc85ca833ade.pdf",2017-04-28,18,2017,"111152336cc8b62a1a5ccc85ca833ade","lassa_sitrep_2017_w18_20170428.pdf",FALSE,TRUE,955936,NA,1,TRUE,NA,2017,NA,NA,FALSE,"111152336cc8b62a1a5ccc85ca833ade",NA,NA,NA
470,"An update of Lassa fever outbreak in Nigeria for Week 23","02 June 2017","An update of Lassa fever outbreak in Nigeria_020617_23.pdf","https://ncdc.gov.ng/themes/common/files/sitreps/1b4dfa95dc23025ba81df946bc595cb5.pdf",2017-06-02,23,2017,"1b4dfa95dc23025ba81df946bc595cb5","lassa_sitrep_2017_w23_20170602.pdf",FALSE,TRUE,949830,NA,1,TRUE,NA,2017,NA,NA,FALSE,"1b4dfa95dc23025ba81df946bc595cb5",NA,NA,NA
469,"An update of Lassa fever outbreak in Nigeria for Week 24","09 June 2017","An update of Lassa fever outbreak in Nigeria_090617_24.pdf","https://ncdc.gov.ng/themes/common/files/sitreps/a2837fac76966483d4e1b564680a23bd.pdf",2017-06-09,24,2017,"a2837fac76966483d4e1b564680a23bd","lassa_sitrep_2017_w24_20170609.pdf",FALSE,TRUE,940907,NA,1,TRUE,NA,2017,NA,NA,FALSE,"a2837fac76966483d4e1b564680a23bd",NA,NA,NA
468,"An update of Lassa fever outbreak in Nigeria for Week 26","22 June 2017","An update of Lassa fever outbreak in Nigeria_220617_26.pdf","https://ncdc.gov.ng/themes/common/files/sitreps/9e001e04037892b78eda4d6ef77d293f.pdf",2017-06-22,26,2017,"9e001e04037892b78eda4d6ef77d293f","lassa_sitrep_2017_w26_20170622.pdf",FALSE,TRUE,953845,NA,1,TRUE,NA,2017,NA,NA,FALSE,"9e001e04037892b78eda4d6ef77d293f",NA,NA,NA
467,"An update of Lassa fever outbreak in Nigeria for Week 27","30 June 2017","An update of Lassa fever outbreak in Nigeria_300617_27.pdf","https://ncdc.gov.ng/themes/common/files/sitreps/26dbefa84dd5eb93f66531b1472ca813.pdf",2017-06-30,27,2017,"26dbefa84dd5eb93f66531b1472ca813","lassa_sitrep_2017_w27_20170630.pdf",FALSE,TRUE,957105,NA,1,TRUE,NA,2017,NA,NA,FALSE,"26dbefa84dd5eb93f66531b1472ca813",NA,NA,NA
466,"An update of Lassa fever outbreak in Nigeria for Week 29","14 July 2017","An update of Lassa fever outbreak in Nigeria_140717_29.pdf","https://ncdc.gov.ng/themes/common/files/sitreps/b15aa55661f7c4426f5d29fb4fd88084.pdf",2017-07-14,29,2017,"b15aa55661f7c4426f5d29fb4fd88084","lassa_sitrep_2017_w29_20170714.pdf",FALSE,TRUE,949032,NA,1,TRUE,NA,2017,NA,NA,FALSE,"b15aa55661f7c4426f5d29fb4fd88084",NA,NA,NA
465,"An update of Lassa fever outbreak in Nigeria for Week 30","21 July 2017","An update of Lassa fever outbreak in Nigeria_210717_30.pdf","https://ncdc.gov.ng/themes/common/files/sitreps/3c84f98080af56fa5bae546862d7c1cf.pdf",2017-07-21,30,2017,"3c84f98080af56fa5bae546862d7c1cf","lassa_sitrep_2017_w30_20170721.pdf",FALSE,TRUE,952974,NA,1,TRUE,NA,2017,NA,NA,FALSE,"3c84f98080af56fa5bae546862d7c1cf",NA,NA,NA
464,"An update of Lassa fever outbreak in Nigeria for Week 31","28 July 2017","An update of Lassa fever outbreak in Nigeria_280717_31.pdf","https://ncdc.gov.ng/themes/common/files/sitreps/03bbf027e2d1df200a5bf258922b7028.pdf",2017-07-28,31,2017,"03bbf027e2d1df200a5bf258922b7028","lassa_sitrep_2017_w31_20170728.pdf",FALSE,TRUE,935385,NA,1,TRUE,NA,2017,NA,NA,FALSE,"03bbf027e2d1df200a5bf258922b7028",NA,NA,NA
463,"An update of Lassa fever outbreak in Nigeria for Week 32","04 August 2017","An update of Lassa fever outbreak in Nigeria_040817_32.pdf","https://ncdc.gov.ng/themes/common/files/sitreps/3a4e0ee2f29b7d50784826ea43ac7781.pdf",2017-08-04,32,2017,"3a4e0ee2f29b7d50784826ea43ac7781","lassa_sitrep_2017_w32_20170804.pdf",FALSE,TRUE,1141243,NA,3,TRUE,NA,2017,NA,NA,FALSE,"3a4e0ee2f29b7d50784826ea43ac7781",NA,NA,NA
462,"An update of Lassa fever outbreak in Nigeria for Week 33","11 August 2017","An update of Lassa fever outbreak in Nigeria_110817_33.pdf","https://ncdc.gov.ng/themes/common/files/sitreps/5379e6c04b2ed8758ca53fd67a6d1be8.pdf",2017-08-11,33,2017,"5379e6c04b2ed8758ca53fd67a6d1be8","lassa_sitrep_2017_w33_20170811.pdf",FALSE,TRUE,962531,NA,1,TRUE,NA,2017,NA,NA,FALSE,"5379e6c04b2ed8758ca53fd67a6d1be8",NA,NA,NA
461,"An update of Lassa fever outbreak in Nigeria for Week 34","18 August 2017","An update of Lassa fever outbreak in Nigeria_180817_34.pdf","https://ncdc.gov.ng/themes/common/files/sitreps/158ab86701ea95077c81ebe52eba7a35.pdf",2017-08-18,34,2017,"158ab86701ea95077c81ebe52eba7a35","lassa_sitrep_2017_w34_20170818.pdf",FALSE,TRUE,976417,NA,1,TRUE,NA,2017,NA,NA,FALSE,"158ab86701ea95077c81ebe52eba7a35",NA,NA,NA
460,"An update of Lassa fever outbreak in Nigeria for Week 35","25 August 2017","An update of Lassa fever outbreak in Nigeria_250817_35.pdf","https://ncdc.gov.ng/themes/common/files/sitreps/d211667be1272eaa680825bb2f85e742.pdf",2017-08-25,35,2017,"d211667be1272eaa680825bb2f85e742","lassa_sitrep_2017_w35_20170825.pdf",FALSE,TRUE,1012924,NA,2,TRUE,NA,2017,NA,NA,FALSE,"d211667be1272eaa680825bb2f85e742",NA,NA,NA
459,"An update of Lassa fever outbreak in Nigeria for Week 36","01 September 2017","An update of Lassa fever outbreak in Nigeria_010917_36.pdf","https://ncdc.gov.ng/themes/common/files/sitreps/af6a88f9165c6c084f3370d2635d0100.pdf",2017-09-01,36,2017,"af6a88f9165c6c084f3370d2635d0100","lassa_sitrep_2017_w36_20170901.pdf",FALSE,TRUE,1004491,NA,2,TRUE,NA,2017,NA,NA,FALSE,"af6a88f9165c6c084f3370d2635d0100",NA,NA,NA
458,"An update of Lassa fever outbreak in Nigeria for Week 37","08 September 2017","An update of Lassa fever outbreak in Nigeria_080917_37.pdf","https://ncdc.gov.ng/themes/common/files/sitreps/8d04fd2de7312e0d390d10e70223791d.pdf",2017-09-08,37,2017,"8d04fd2de7312e0d390d10e70223791d","lassa_sitrep_2017_w37_20170908.pdf",FALSE,TRUE,1081917,NA,2,TRUE,NA,2017,NA,NA,FALSE,"8d04fd2de7312e0d390d10e70223791d",NA,NA,NA
457,"An update of Lassa fever outbreak in Nigeria for Week 38","15 September 2017","An update of Lassa fever outbreak in Nigeria_150917_38.pdf","https://ncdc.gov.ng/themes/common/files/sitreps/6c65168db995ef6efed944790eb30162.pdf",2017-09-15,38,2017,"6c65168db995ef6efed944790eb30162","lassa_sitrep_2017_w38_20170915.pdf",FALSE,TRUE,1039376,NA,2,TRUE,NA,2017,NA,NA,FALSE,"6c65168db995ef6efed944790eb30162",NA,NA,NA
456,"An update of Lassa fever outbreak in Nigeria for Week 40","26 September 2017","An update of Lassa fever outbreak in Nigeria_260917_40.pdf","https://ncdc.gov.ng/themes/common/files/sitreps/aec71cc21504a2d90941b57010fef82d.pdf",2017-09-26,40,2017,"aec71cc21504a2d90941b57010fef82d","lassa_sitrep_2017_w40_20170926.pdf",FALSE,TRUE,1237085,NA,3,TRUE,NA,2017,NA,NA,FALSE,"aec71cc21504a2d90941b57010fef82d",NA,NA,NA
455,"An update of Lassa fever outbreak in Nigeria for Week 40","29 September 2017","An update of Lassa fever outbreak in Nigeria_290917_40.pdf","https://ncdc.gov.ng/themes/common/files/sitreps/ec9e1a50455b0cb77c7bce727adc1ed1.pdf",2017-09-29,40,2017,"ec9e1a50455b0cb77c7bce727adc1ed1","lassa_sitrep_2017_w40_20170929.pdf",FALSE,TRUE,1020601,NA,2,TRUE,NA,2017,NA,NA,FALSE,"ec9e1a50455b0cb77c7bce727adc1ed1",NA,NA,NA
454,"An update of Lassa fever outbreak in Nigeria for Week 43","20 October 2017","An update of Lassa fever outbreak in Nigeria_201017_43.pdf","https://ncdc.gov.ng/themes/common/files/sitreps/b3e7774606549c0c214e667df0226255.pdf",2017-10-20,43,2017,"b3e7774606549c0c214e667df0226255","lassa_sitrep_2017_w43_20171020.pdf",FALSE,TRUE,1029860,NA,2,TRUE,NA,2017,NA,NA,FALSE,"b3e7774606549c0c214e667df0226255",NA,NA,NA
453,"An update of Lassa fever outbreak in Nigeria for Week 44","27 October 2017","An update of Lassa fever outbreak in Nigeria_271017_44.pdf","https://ncdc.gov.ng/themes/common/files/sitreps/3e27ca91b6b3e1b019831cc9c17279e7.pdf",2017-10-27,44,2017,"3e27ca91b6b3e1b019831cc9c17279e7","lassa_sitrep_2017_w44_20171027.pdf",FALSE,TRUE,1220913,NA,4,TRUE,NA,2017,NA,NA,FALSE,"3e27ca91b6b3e1b019831cc9c17279e7",NA,NA,NA
452,"An update of Lassa fever outbreak in Nigeria for Week 46","10 November 2017","An update of Lassa fever outbreak in Nigeria_101117_46.pdf","https://ncdc.gov.ng/themes/common/files/sitreps/426df292e4a994c1befc30a2e2e9edd8.pdf",2017-11-10,46,2017,"426df292e4a994c1befc30a2e2e9edd8","lassa_sitrep_2017_w46_20171110.pdf",FALSE,TRUE,998733,NA,2,TRUE,NA,2017,NA,NA,FALSE,"426df292e4a994c1befc30a2e2e9edd8",NA,NA,NA
451,"An update of Lassa fever outbreak in Nigeria for Week 47","17 November 2017","An update of Lassa fever outbreak in Nigeria_171117_47.pdf","https://ncdc.gov.ng/themes/common/files/sitreps/9af3f42abbe74187b5bc5ea96cd93f78.pdf",2017-11-17,47,2017,"9af3f42abbe74187b5bc5ea96cd93f78","lassa_sitrep_2017_w47_20171117.pdf",FALSE,TRUE,999595,NA,2,TRUE,NA,2017,NA,NA,FALSE,"9af3f42abbe74187b5bc5ea96cd93f78",NA,NA,NA
450,"An update of Lassa fever outbreak in Nigeria for Week 48","24 November 2017","An update of Lassa fever outbreak in Nigeria_241117_48.pdf","https://ncdc.gov.ng/themes/common/files/sitreps/95c4fcd6a641ebc12ad8feaddab8d200.pdf",2017-11-24,48,2017,"95c4fcd6a641ebc12ad8feaddab8d200","lassa_sitrep_2017_w48_20171124.pdf",FALSE,TRUE,1020315,NA,2,TRUE,NA,2017,NA,NA,FALSE,"95c4fcd6a641ebc12ad8feaddab8d200",NA,NA,NA
449,"An update of Lassa fever outbreak in Nigeria for Week 49","01 December 2017","An update of Lassa fever outbreak in Nigeria_011217_49.pdf","https://ncdc.gov.ng/themes/common/files/sitreps/f4e54bdfa7457b4f3cdac28d93712a3c.pdf",2017-12-01,49,2017,"f4e54bdfa7457b4f3cdac28d93712a3c","lassa_sitrep_2017_w49_20171201.pdf",FALSE,TRUE,1027377,NA,2,TRUE,NA,2017,NA,NA,FALSE,"f4e54bdfa7457b4f3cdac28d93712a3c",NA,NA,NA
448,"An update of Lassa fever outbreak in Nigeria for Week 53","24 December 2017","An update of Lassa fever outbreak in Nigeria_241217_53.pdf","https://ncdc.gov.ng/themes/common/files/sitreps/ee0dc4dab90d1c4c9a71ac5ab27f051a.pdf",2017-12-24,53,2017,"ee0dc4dab90d1c4c9a71ac5ab27f051a","lassa_sitrep_2017_w53_20171224.pdf",FALSE,TRUE,1146005,NA,2,TRUE,NA,2016,NA,NA,FALSE,"ee0dc4dab90d1c4c9a71ac5ab27f051a",NA,NA,NA
447,"An update of Lassa fever outbreak in Nigeria for Week 2","07 January 2018","An update of Lassa fever outbreak in Nigeria_070118_2.pdf","https://ncdc.gov.ng/themes/common/files/sitreps/ba0ee15a5cec10aee6fbb9315be8b431.pdf",2018-01-07,2,2018,"ba0ee15a5cec10aee6fbb9315be8b431","lassa_sitrep_2018_w02_20180107.pdf",FALSE,TRUE,876954,NA,1,TRUE,NA,2018,NA,NA,FALSE,"ba0ee15a5cec10aee6fbb9315be8b431",NA,NA,NA
446,"An update of Lassa fever outbreak in Nigeria for Week 3","14 January 2018","An update of Lassa fever outbreak in Nigeria_140118_3.pdf","https://ncdc.gov.ng/themes/common/files/sitreps/3cba8376ab5a2ff80e462f3437caeb5a.pdf",2018-01-14,3,2018,"3cba8376ab5a2ff80e462f3437caeb5a","lassa_sitrep_2018_w03_20180114.pdf",FALSE,TRUE,1109610,NA,3,TRUE,NA,2018,NA,NA,FALSE,"3cba8376ab5a2ff80e462f3437caeb5a",NA,NA,NA
445,"An update of Lassa fever outbreak in Nigeria for Week 4","21 January 2018","An update of Lassa fever outbreak in Nigeria_210118_4.pdf","https://ncdc.gov.ng/themes/common/files/sitreps/c22d123ab94bb394de0d63c49c48ca76.pdf",2018-01-21,4,2018,"c22d123ab94bb394de0d63c49c48ca76","lassa_sitrep_2018_w04_20180121.pdf",FALSE,TRUE,1009499,NA,2,TRUE,NA,2018,NA,NA,FALSE,"c22d123ab94bb394de0d63c49c48ca76",NA,NA,NA
444,"An update of Lassa fever outbreak in Nigeria for Week 5","28 January 2018","An update of Lassa fever outbreak in Nigeria_280118_5.pdf","https://ncdc.gov.ng/themes/common/files/sitreps/481f3b138aa9c0eaafc12a5df187ed15.pdf",2018-01-28,5,2018,"481f3b138aa9c0eaafc12a5df187ed15","lassa_sitrep_2018_w05_20180128.pdf",FALSE,TRUE,1020909,NA,2,TRUE,NA,2018,NA,NA,FALSE,"481f3b138aa9c0eaafc12a5df187ed15",NA,NA,NA
443,"An update of Lassa fever outbreak in Nigeria for Week 6","04 February 2018","An update of Lassa fever outbreak in Nigeria_040218_6.pdf","https://ncdc.gov.ng/themes/common/files/sitreps/43bc9e55758cb64fe5b089823897d1c2.pdf",2018-02-04,6,2018,"43bc9e55758cb64fe5b089823897d1c2","lassa_sitrep_2018_w06_20180204.pdf",FALSE,TRUE,1161886,NA,3,TRUE,NA,2018,NA,NA,FALSE,"43bc9e55758cb64fe5b089823897d1c2",NA,NA,NA
442,"An update of Lassa fever outbreak in Nigeria for Week 7","11 February 2018","An update of Lassa fever outbreak in Nigeria_110218_7.pdf","https://ncdc.gov.ng/themes/common/files/sitreps/384bdfdc4dcc80de8ad7dc8ea0a58abe.pdf",2018-02-11,7,2018,"384bdfdc4dcc80de8ad7dc8ea0a58abe","lassa_sitrep_2018_w07_20180211.pdf",FALSE,TRUE,867716,NA,3,TRUE,NA,2018,NA,NA,FALSE,"384bdfdc4dcc80de8ad7dc8ea0a58abe",NA,NA,NA
441,"An update of Lassa fever outbreak in Nigeria for Week 8","18 February 2018","An update of Lassa fever outbreak in Nigeria_180218_8.pdf","https://ncdc.gov.ng/themes/common/files/sitreps/aa28fc50dc99cb312b2e9160e852fd04.pdf",2018-02-18,8,2018,"aa28fc50dc99cb312b2e9160e852fd04","lassa_sitrep_2018_w08_20180218.pdf",FALSE,TRUE,1641106,NA,4,TRUE,NA,2018,NA,NA,FALSE,"aa28fc50dc99cb312b2e9160e852fd04",NA,NA,NA
440,"An update of Lassa fever outbreak in Nigeria for Week 9","25 February 2018","An update of Lassa fever outbreak in Nigeria_250218_9.pdf","https://ncdc.gov.ng/themes/common/files/sitreps/7b122e4047446980c5e4755437e5bee2.pdf",2018-02-25,9,2018,"7b122e4047446980c5e4755437e5bee2","lassa_sitrep_2018_w09_20180225.pdf",FALSE,TRUE,1592027,NA,4,TRUE,NA,2018,NA,NA,FALSE,"7b122e4047446980c5e4755437e5bee2",NA,NA,NA
439,"An update of Lassa fever outbreak in Nigeria for Week 10","04 March 2018","An update of Lassa fever outbreak in Nigeria_040318_10.pdf","https://ncdc.gov.ng/themes/common/files/sitreps/42167be6da67a474275201d3550bd449.pdf",2018-03-04,10,2018,"42167be6da67a474275201d3550bd449","lassa_sitrep_2018_w10_20180304.pdf",FALSE,TRUE,1350995,NA,5,TRUE,NA,2018,NA,NA,FALSE,"42167be6da67a474275201d3550bd449",NA,NA,NA
438,"An update of Lassa fever outbreak in Nigeria for Week 11","11 March 2018","An update of Lassa fever outbreak in Nigeria_110318_11.pdf","https://ncdc.gov.ng/themes/common/files/sitreps/6f0cbc3e17f9913d11c33c4ba18677c0.pdf",2018-03-11,11,2018,"6f0cbc3e17f9913d11c33c4ba18677c0","lassa_sitrep_2018_w11_20180311.pdf",FALSE,TRUE,1394660,NA,5,TRUE,NA,2018,NA,NA,FALSE,"6f0cbc3e17f9913d11c33c4ba18677c0",NA,NA,NA
437,"An update of Lassa fever outbreak in Nigeria for Week 12","18 March 2018","An update of Lassa fever outbreak in Nigeria_180318_12.pdf","https://ncdc.gov.ng/themes/common/files/sitreps/27c101901d401f1278f6fff4aaaca5dc.pdf",2018-03-18,12,2018,"27c101901d401f1278f6fff4aaaca5dc","lassa_sitrep_2018_w12_20180318.pdf",FALSE,TRUE,1352037,NA,5,TRUE,NA,2018,NA,NA,FALSE,"27c101901d401f1278f6fff4aaaca5dc",NA,NA,NA
436,"An update of Lassa fever outbreak in Nigeria for Week 13","25 March 2018","An update of Lassa fever outbreak in Nigeria_250318_13.pdf","https://ncdc.gov.ng/themes/common/files/sitreps/b7cd08c8047e52ceabb09e5318a3b0a7.pdf",2018-03-25,13,2018,"b7cd08c8047e52ceabb09e5318a3b0a7","lassa_sitrep_2018_w13_20180325.pdf",FALSE,TRUE,1405113,NA,5,TRUE,NA,2018,NA,NA,FALSE,"b7cd08c8047e52ceabb09e5318a3b0a7",NA,NA,NA
435,"An update of Lassa fever outbreak in Nigeria for Week 14","01 April 2018","An update of Lassa fever outbreak in Nigeria_010418_14.pdf","https://ncdc.gov.ng/themes/common/files/sitreps/b2b2db26f035c787dc0bf6a399f8ddc7.pdf",2018-04-01,14,2018,"b2b2db26f035c787dc0bf6a399f8ddc7","lassa_sitrep_2018_w14_20180401.pdf",FALSE,TRUE,1470345,NA,5,TRUE,NA,2018,NA,NA,FALSE,"b2b2db26f035c787dc0bf6a399f8ddc7",NA,NA,NA
434,"An update of Lassa fever outbreak in Nigeria for Week 15","08 April 2018","An update of Lassa fever outbreak in Nigeria_080418_15.pdf","https://ncdc.gov.ng/themes/common/files/sitreps/ea41af69d6b08fdf990c9ff9a95a5192.pdf",2018-04-08,15,2018,"ea41af69d6b08fdf990c9ff9a95a5192","lassa_sitrep_2018_w15_20180408.pdf",FALSE,TRUE,1521871,NA,5,TRUE,NA,2018,NA,NA,FALSE,"ea41af69d6b08fdf990c9ff9a95a5192",NA,NA,NA
433,"An update of Lassa fever outbreak in Nigeria for Week 16","15 April 2018","An update of Lassa fever outbreak in Nigeria_150418_16.pdf","https://ncdc.gov.ng/themes/common/files/sitreps/bb3b8f16adff5ffc041181d4be1e056f.pdf",2018-04-15,16,2018,"bb3b8f16adff5ffc041181d4be1e056f","lassa_sitrep_2018_w16_20180415.pdf",FALSE,TRUE,1436630,NA,5,TRUE,NA,2018,NA,NA,FALSE,"bb3b8f16adff5ffc041181d4be1e056f",NA,NA,NA
432,"An update of Lassa fever outbreak in Nigeria for Week 17","22 April 2018","An update of Lassa fever outbreak in Nigeria_220418_17.pdf","https://ncdc.gov.ng/themes/common/files/sitreps/2ac46be11b2e1ab5529a575f8df97c19.pdf",2018-04-22,17,2018,"2ac46be11b2e1ab5529a575f8df97c19","lassa_sitrep_2018_w17_20180422.pdf",FALSE,TRUE,1530553,NA,5,TRUE,NA,2018,NA,NA,FALSE,"2ac46be11b2e1ab5529a575f8df97c19",NA,NA,NA
431,"An update of Lassa fever outbreak in Nigeria for Week 18","29 April 2018","An update of Lassa fever outbreak in Nigeria_290418_18.pdf","https://ncdc.gov.ng/themes/common/files/sitreps/4dcdab16ce45173e4e0319e06937bfd6.pdf",2018-04-29,18,2018,"4dcdab16ce45173e4e0319e06937bfd6","lassa_sitrep_2018_w18_20180429.pdf",FALSE,TRUE,1497632,NA,5,TRUE,NA,2018,NA,NA,FALSE,"4dcdab16ce45173e4e0319e06937bfd6",NA,NA,NA
430,"An update of Lassa fever outbreak in Nigeria for Week 19","06 May 2018","An update of Lassa fever outbreak in Nigeria_060518_19.pdf","https://ncdc.gov.ng/themes/common/files/sitreps/473e68581953ff7e0d0b08445c1f6726.pdf",2018-05-06,19,2018,"473e68581953ff7e0d0b08445c1f6726","lassa_sitrep_2018_w19_20180506.pdf",FALSE,TRUE,1553348,NA,6,TRUE,NA,2018,NA,NA,FALSE,"473e68581953ff7e0d0b08445c1f6726",NA,NA,NA
429,"An update of Lassa fever outbreak in Nigeria for Week 20","13 May 2018","An update of Lassa fever outbreak in Nigeria_130518_20.pdf","https://ncdc.gov.ng/themes/common/files/sitreps/15178b9302425f3d670fe1683dd4f657.pdf",2018-05-13,20,2018,"15178b9302425f3d670fe1683dd4f657","lassa_sitrep_2018_w20_20180513.pdf",FALSE,TRUE,1823822,NA,6,TRUE,NA,2018,NA,NA,FALSE,"15178b9302425f3d670fe1683dd4f657",NA,NA,NA
428,"An update of Lassa fever outbreak in Nigeria for Week 21","20 May 2018","An update of Lassa fever outbreak in Nigeria_200518_21.pdf","https://ncdc.gov.ng/themes/common/files/sitreps/af01f8bf30fc0c5d46822861d90532af.pdf",2018-05-20,21,2018,"af01f8bf30fc0c5d46822861d90532af","lassa_sitrep_2018_w21_20180520.pdf",FALSE,TRUE,1543115,NA,6,TRUE,NA,2018,NA,NA,FALSE,"af01f8bf30fc0c5d46822861d90532af",NA,NA,NA
427,"An update of Lassa fever outbreak in Nigeria for Week 22","27 May 2018","An update of Lassa fever outbreak in Nigeria_270518_22.pdf","https://ncdc.gov.ng/themes/common/files/sitreps/e74d66c9aac4204a91ce79bf00f86728.pdf",2018-05-27,22,2018,"e74d66c9aac4204a91ce79bf00f86728","lassa_sitrep_2018_w22_20180527.pdf",FALSE,TRUE,1806399,NA,6,TRUE,NA,2018,NA,NA,FALSE,"e74d66c9aac4204a91ce79bf00f86728",NA,NA,NA
426,"An update of Lassa fever outbreak in Nigeria for Week 23","03 June 2018","An update of Lassa fever outbreak in Nigeria_030618_23.pdf","https://ncdc.gov.ng/themes/common/files/sitreps/9aa0c1781925a40809137973dd9c199f.pdf",2018-06-03,23,2018,"9aa0c1781925a40809137973dd9c199f","lassa_sitrep_2018_w23_20180603.pdf",FALSE,TRUE,1758225,NA,6,TRUE,NA,2018,NA,NA,FALSE,"9aa0c1781925a40809137973dd9c199f",NA,NA,NA
425,"An update of Lassa fever outbreak in Nigeria for Week 24","10 June 2018","An update of Lassa fever outbreak in Nigeria_100618_24.pdf","https://ncdc.gov.ng/themes/common/files/sitreps/799f6bcf5ac62a2fa83689ca1a031ddc.pdf",2018-06-10,24,2018,"799f6bcf5ac62a2fa83689ca1a031ddc","lassa_sitrep_2018_w24_20180610.pdf",FALSE,TRUE,1717264,NA,5,TRUE,NA,2018,NA,NA,FALSE,"799f6bcf5ac62a2fa83689ca1a031ddc",NA,NA,NA
424,"An update of Lassa fever outbreak in Nigeria for Week 25","17 June 2018","An update of Lassa fever outbreak in Nigeria_170618_25.pdf","https://ncdc.gov.ng/themes/common/files/sitreps/a9caebfe0ef9165265ced7542a3887eb.pdf",2018-06-17,25,2018,"a9caebfe0ef9165265ced7542a3887eb","lassa_sitrep_2018_w25_20180617.pdf",FALSE,TRUE,1716180,NA,4,TRUE,NA,2018,NA,NA,FALSE,"a9caebfe0ef9165265ced7542a3887eb",NA,NA,NA
423,"An update of Lassa fever outbreak in Nigeria for Week 26","24 June 2018","An update of Lassa fever outbreak in Nigeria_240618_26.pdf","https://ncdc.gov.ng/themes/common/files/sitreps/48b5f332ba8e09c96925815fde404d9f.pdf",2018-06-24,26,2018,"48b5f332ba8e09c96925815fde404d9f","lassa_sitrep_2018_w26_20180624.pdf",FALSE,TRUE,1704472,NA,4,TRUE,NA,2018,NA,NA,FALSE,"48b5f332ba8e09c96925815fde404d9f",NA,NA,NA
422,"An update of Lassa fever outbreak in Nigeria for Week 27","01 July 2018","An update of Lassa fever outbreak in Nigeria_010718_27.pdf","https://ncdc.gov.ng/themes/common/files/sitreps/c7a0ad167b80e7e5a6137a2111d5176d.pdf",2018-07-01,27,2018,"c7a0ad167b80e7e5a6137a2111d5176d","lassa_sitrep_2018_w27_20180701.pdf",FALSE,TRUE,1803631,NA,4,TRUE,NA,2018,NA,NA,FALSE,"c7a0ad167b80e7e5a6137a2111d5176d",NA,NA,NA
421,"An update of Lassa fever outbreak in Nigeria for Week 28","08 July 2018","An update of Lassa fever outbreak in Nigeria_080718_28.pdf","https://ncdc.gov.ng/themes/common/files/sitreps/00235292b8a3f55c01f9ea2eb15c8d3a.pdf",2018-07-08,28,2018,"00235292b8a3f55c01f9ea2eb15c8d3a","lassa_sitrep_2018_w28_20180708.pdf",FALSE,TRUE,1767734,NA,4,TRUE,NA,2018,NA,NA,FALSE,"00235292b8a3f55c01f9ea2eb15c8d3a",NA,NA,NA
420,"An update of Lassa fever outbreak in Nigeria for Week 29","15 July 2018","An update of Lassa fever outbreak in Nigeria_150718_29.pdf","https://ncdc.gov.ng/themes/common/files/sitreps/cd29b40e529b1bcd79d6c5f970d3aa7a.pdf",2018-07-15,29,2018,"cd29b40e529b1bcd79d6c5f970d3aa7a","lassa_sitrep_2018_w29_20180715.pdf",FALSE,TRUE,1838020,NA,5,TRUE,NA,2018,NA,NA,FALSE,"cd29b40e529b1bcd79d6c5f970d3aa7a",NA,NA,NA
419,"An update of Lassa fever outbreak in Nigeria for Week 30","22 July 2018","An update of Lassa fever outbreak in Nigeria_220718_30.pdf","https://ncdc.gov.ng/themes/common/files/sitreps/26a00bb7db0aab25ecd2a13cb74e1534.pdf",2018-07-22,30,2018,"26a00bb7db0aab25ecd2a13cb74e1534","lassa_sitrep_2018_w30_20180722.pdf",FALSE,TRUE,1768445,NA,4,TRUE,NA,2018,NA,NA,FALSE,"26a00bb7db0aab25ecd2a13cb74e1534",NA,NA,NA
418,"An update of Lassa fever outbreak in Nigeria for Week 31","29 July 2018","An update of Lassa fever outbreak in Nigeria_290718_31.pdf","https://ncdc.gov.ng/themes/common/files/sitreps/83b320e4c60ac9be50883e450b94a194.pdf",2018-07-29,31,2018,"83b320e4c60ac9be50883e450b94a194","lassa_sitrep_2018_w31_20180729.pdf",FALSE,TRUE,1839703,NA,4,TRUE,NA,2018,NA,NA,FALSE,"83b320e4c60ac9be50883e450b94a194",NA,NA,NA
417,"An update of Lassa fever outbreak in Nigeria for Week 32","05 August 2018","An update of Lassa fever outbreak in Nigeria_050818_32.pdf","https://ncdc.gov.ng/themes/common/files/sitreps/05c622219ef22137537e6deb2620df7f.pdf",2018-08-05,32,2018,"05c622219ef22137537e6deb2620df7f","lassa_sitrep_2018_w32_20180805.pdf",FALSE,TRUE,1852909,NA,5,TRUE,NA,2018,NA,NA,FALSE,"05c622219ef22137537e6deb2620df7f",NA,NA,NA
416,"An update of Lassa fever outbreak in Nigeria for Week 33","12 August 2018","An update of Lassa fever outbreak in Nigeria_120818_33.pdf","https://ncdc.gov.ng/themes/common/files/sitreps/e2b2b746e5744487ca0c81f89e8b81a3.pdf",2018-08-12,33,2018,"e2b2b746e5744487ca0c81f89e8b81a3","lassa_sitrep_2018_w33_20180812.pdf",FALSE,TRUE,1807014,NA,4,TRUE,NA,2018,NA,NA,FALSE,"e2b2b746e5744487ca0c81f89e8b81a3",NA,NA,NA
415,"An update of Lassa fever outbreak in Nigeria for Week 34","19 August 2018","An update of Lassa fever outbreak in Nigeria_190818_34.pdf","https://ncdc.gov.ng/themes/common/files/sitreps/ccf62f02b9997ff941cdb786681757e5.pdf",2018-08-19,34,2018,"ccf62f02b9997ff941cdb786681757e5","lassa_sitrep_2018_w34_20180819.pdf",FALSE,TRUE,1693192,NA,4,TRUE,NA,2018,NA,NA,FALSE,"ccf62f02b9997ff941cdb786681757e5",NA,NA,NA
414,"An update of Lassa fever outbreak in Nigeria for Week 35","26 August 2018","An update of Lassa fever outbreak in Nigeria_260818_35.pdf","https://ncdc.gov.ng/themes/common/files/sitreps/29c16fdc472d67dbfe2fd4eedd478479.pdf",2018-08-26,35,2018,"29c16fdc472d67dbfe2fd4eedd478479","lassa_sitrep_2018_w35_20180826.pdf",FALSE,TRUE,1708331,NA,4,TRUE,NA,2018,NA,NA,FALSE,"29c16fdc472d67dbfe2fd4eedd478479",NA,NA,NA
413,"An update of Lassa fever outbreak in Nigeria for Week 36","02 September 2018","An update of Lassa fever outbreak in Nigeria_020918_36.pdf","https://ncdc.gov.ng/themes/common/files/sitreps/accbb526cce6c9fefb02a1e6a81a6473.pdf",2018-09-02,36,2018,"accbb526cce6c9fefb02a1e6a81a6473","lassa_sitrep_2018_w36_20180902.pdf",FALSE,TRUE,1738786,NA,4,TRUE,NA,2018,NA,NA,FALSE,"accbb526cce6c9fefb02a1e6a81a6473",NA,NA,NA
412,"An update of Lassa fever outbreak in Nigeria for Week 37","09 September 2018","An update of Lassa fever outbreak in Nigeria_090918_37.pdf","https://ncdc.gov.ng/themes/common/files/sitreps/e3ae54a0b349640d083d5801c2c88355.pdf",2018-09-09,37,2018,"e3ae54a0b349640d083d5801c2c88355","lassa_sitrep_2018_w37_20180909.pdf",FALSE,TRUE,1714342,NA,4,TRUE,NA,2018,NA,NA,FALSE,"e3ae54a0b349640d083d5801c2c88355",NA,NA,NA
411,"An update of Lassa fever outbreak in Nigeria for Week 38","16 September 2018","An update of Lassa fever outbreak in Nigeria_160918_38.pdf","https://ncdc.gov.ng/themes/common/files/sitreps/691ff197dd0d0f2f7cc0f63b9848ea8a.pdf",2018-09-16,38,2018,"691ff197dd0d0f2f7cc0f63b9848ea8a","lassa_sitrep_2018_w38_20180916.pdf",FALSE,TRUE,1705411,NA,4,TRUE,NA,2018,NA,NA,FALSE,"691ff197dd0d0f2f7cc0f63b9848ea8a",NA,NA,NA
410,"An update of Lassa fever outbreak in Nigeria for Week 39","23 September 2018","An update of Lassa fever outbreak in Nigeria_230918_39.pdf","https://ncdc.gov.ng/themes/common/files/sitreps/747509c7f0b5d383fefacdb83ae9f88d.pdf",2018-09-23,39,2018,"747509c7f0b5d383fefacdb83ae9f88d","lassa_sitrep_2018_w39_20180923.pdf",FALSE,TRUE,1740062,NA,4,TRUE,NA,2018,NA,NA,FALSE,"747509c7f0b5d383fefacdb83ae9f88d",NA,NA,NA
409,"An update of Lassa fever outbreak in Nigeria for Week 40","30 September 2018","An update of Lassa fever outbreak in Nigeria_300918_40.pdf","https://ncdc.gov.ng/themes/common/files/sitreps/718acc5bd487d5c54a8c52d85b959a1a.pdf",2018-09-30,40,2018,"718acc5bd487d5c54a8c52d85b959a1a","lassa_sitrep_2018_w40_20180930.pdf",FALSE,TRUE,1709232,NA,4,TRUE,NA,2018,NA,NA,FALSE,"718acc5bd487d5c54a8c52d85b959a1a",NA,NA,NA
408,"An update of Lassa fever outbreak in Nigeria for Week 41","07 October 2018","An update of Lassa fever outbreak in Nigeria_071018_41.pdf","https://ncdc.gov.ng/themes/common/files/sitreps/b0249dad73f18a7e40c774bfefb4f7d0.pdf",2018-10-07,41,2018,"b0249dad73f18a7e40c774bfefb4f7d0","lassa_sitrep_2018_w41_20181007.pdf",FALSE,TRUE,1723398,NA,4,TRUE,NA,2018,NA,NA,FALSE,"b0249dad73f18a7e40c774bfefb4f7d0",NA,NA,NA
407,"An update of Lassa fever outbreak in Nigeria for Week 42","14 October 2018","An update of Lassa fever outbreak in Nigeria_141018_42.pdf","https://ncdc.gov.ng/themes/common/files/sitreps/33a87feac18cb0450211f278a9510a41.pdf",2018-10-14,42,2018,"33a87feac18cb0450211f278a9510a41","lassa_sitrep_2018_w42_20181014.pdf",FALSE,TRUE,1697245,NA,4,TRUE,NA,2018,NA,NA,FALSE,"33a87feac18cb0450211f278a9510a41",NA,NA,NA
406,"An update of Lassa fever outbreak in Nigeria for Week 43","21 October 2018","An update of Lassa fever outbreak in Nigeria_211018_43.pdf","https://ncdc.gov.ng/themes/common/files/sitreps/0250e31face328109d78eb0200c7de2e.pdf",2018-10-21,43,2018,"0250e31face328109d78eb0200c7de2e","lassa_sitrep_2018_w43_20181021.pdf",FALSE,TRUE,1717456,NA,4,TRUE,NA,2018,NA,NA,FALSE,"0250e31face328109d78eb0200c7de2e",NA,NA,NA
405,"An update of Lassa fever outbreak in Nigeria for Week 44","28 October 2018","An update of Lassa fever outbreak in Nigeria_281018_44.pdf","https://ncdc.gov.ng/themes/common/files/sitreps/f1ad34081d8479ab4614fc8dc6e44b54.pdf",2018-10-28,44,2018,"f1ad34081d8479ab4614fc8dc6e44b54","lassa_sitrep_2018_w44_20181028.pdf",FALSE,TRUE,1711908,NA,4,TRUE,NA,2018,NA,NA,FALSE,"f1ad34081d8479ab4614fc8dc6e44b54",NA,NA,NA
404,"An update of Lassa fever outbreak in Nigeria for Week 45","04 November 2018","An update of Lassa fever outbreak in Nigeria_041118_45.pdf","https://ncdc.gov.ng/themes/common/files/sitreps/b37fe76e0247f225409c850e4febaa59.pdf",2018-11-04,45,2018,"b37fe76e0247f225409c850e4febaa59","lassa_sitrep_2018_w45_20181104.pdf",FALSE,TRUE,1520067,NA,4,TRUE,NA,2018,NA,NA,FALSE,"b37fe76e0247f225409c850e4febaa59",NA,NA,NA
403,"An update of Lassa fever outbreak in Nigeria for Week 46","11 November 2018","An update of Lassa fever outbreak in Nigeria_111118_46.pdf","https://ncdc.gov.ng/themes/common/files/sitreps/eb03b0831f637347db1e3c0718bb16e9.pdf",2018-11-11,46,2018,"eb03b0831f637347db1e3c0718bb16e9","lassa_sitrep_2018_w46_20181111.pdf",FALSE,TRUE,1524378,NA,4,TRUE,NA,2018,NA,NA,FALSE,"eb03b0831f637347db1e3c0718bb16e9",NA,NA,NA
402,"An update of Lassa fever outbreak in Nigeria for Week 47","18 November 2018","An update of Lassa fever outbreak in Nigeria_181118_47.pdf","https://ncdc.gov.ng/themes/common/files/sitreps/5e311c58455f1336147d7dc3eded8f92.pdf",2018-11-18,47,2018,"5e311c58455f1336147d7dc3eded8f92","lassa_sitrep_2018_w47_20181118.pdf",FALSE,TRUE,1527249,NA,5,TRUE,NA,2018,NA,NA,FALSE,"5e311c58455f1336147d7dc3eded8f92",NA,NA,NA
401,"An update of Lassa fever outbreak in Nigeria for Week 48","26 November 2018","An update of Lassa fever outbreak in Nigeria_261118_48.pdf","https://ncdc.gov.ng/themes/common/files/sitreps/266c1ac2c44bd7060e3437c42eec04e2.pdf",2018-11-26,48,2018,"266c1ac2c44bd7060e3437c42eec04e2","lassa_sitrep_2018_w48_20181126.pdf",FALSE,TRUE,1522165,NA,4,TRUE,NA,2018,NA,NA,FALSE,"266c1ac2c44bd7060e3437c42eec04e2",NA,NA,NA
400,"An update of Lassa fever outbreak in Nigeria for Week 49","02 December 2018","An update of Lassa fever outbreak in Nigeria_021218_49.pdf","https://ncdc.gov.ng/themes/common/files/sitreps/3a4f6781f02c2bd2fe9fd4e8b85d8424.pdf",2018-12-02,49,2018,"3a4f6781f02c2bd2fe9fd4e8b85d8424","lassa_sitrep_2018_w49_20181202.pdf",FALSE,TRUE,1601926,NA,4,TRUE,NA,2018,NA,NA,FALSE,"3a4f6781f02c2bd2fe9fd4e8b85d8424",NA,NA,NA
399,"An update of Lassa fever outbreak in Nigeria for Week 50","10 December 2018","An update of Lassa fever outbreak in Nigeria_101218_50.pdf","https://ncdc.gov.ng/themes/common/files/sitreps/3d79dc3d906ac3606f23157b03f7ea78.pdf",2018-12-10,50,2018,"3d79dc3d906ac3606f23157b03f7ea78","lassa_sitrep_2018_w50_20181210.pdf",FALSE,TRUE,1600262,NA,4,TRUE,NA,2018,NA,NA,FALSE,"3d79dc3d906ac3606f23157b03f7ea78",NA,NA,NA
398,"An update of Lassa fever outbreak in Nigeria for Week 51","17 December 2018","An update of Lassa fever outbreak in Nigeria_171218_51.pdf","https://ncdc.gov.ng/themes/common/files/sitreps/4cbce83fa0a479a54b075a72ad38d34d.pdf",2018-12-17,51,2018,"4cbce83fa0a479a54b075a72ad38d34d","lassa_sitrep_2018_w51_20181217.pdf",FALSE,TRUE,1728698,NA,4,TRUE,NA,2018,NA,NA,FALSE,"4cbce83fa0a479a54b075a72ad38d34d",NA,NA,NA
397,"An update of Lassa fever outbreak in Nigeria for Week 52","24 December 2018","An update of Lassa fever outbreak in Nigeria_241218_52.pdf","https://ncdc.gov.ng/themes/common/files/sitreps/733d856bae4b2afa5d29c0465e6c335e.pdf",2018-12-24,52,2018,"733d856bae4b2afa5d29c0465e6c335e","lassa_sitrep_2018_w52_20181224.pdf",FALSE,TRUE,1615506,NA,4,TRUE,NA,2018,NA,NA,FALSE,"733d856bae4b2afa5d29c0465e6c335e",NA,NA,NA
396,"An update of Lassa fever outbreak in Nigeria for Week 1","01 January 2019","An update of Lassa fever outbreak in Nigeria_010119_1.pdf","https://ncdc.gov.ng/themes/common/files/sitreps/55831335badad4cd036697f9448b3a89.pdf",2019-01-01,1,2019,"55831335badad4cd036697f9448b3a89","lassa_sitrep_2019_w01_20190101.pdf",FALSE,TRUE,1203238,NA,3,TRUE,NA,2019,NA,NA,FALSE,"55831335badad4cd036697f9448b3a89",NA,NA,NA
395,"An update of Lassa fever outbreak in Nigeria for Week 2","07 January 2019","An update of Lassa fever outbreak in Nigeria_070119_2.pdf","https://ncdc.gov.ng/themes/common/files/sitreps/4f51df6f3851ae215e709fe5e461cc4f.pdf",2019-01-07,2,2019,"4f51df6f3851ae215e709fe5e461cc4f","lassa_sitrep_2019_w02_20190107.pdf",FALSE,TRUE,1234634,NA,3,TRUE,NA,2019,NA,NA,FALSE,"4f51df6f3851ae215e709fe5e461cc4f",NA,NA,NA
394,"An update of Lassa fever outbreak in Nigeria for Week 3","14 January 2019","An update of Lassa fever outbreak in Nigeria_140119_3.pdf","https://ncdc.gov.ng/themes/common/files/sitreps/6bffb035b705a1c4a05ca5070fc36c1a.pdf",2019-01-14,3,2019,"6bffb035b705a1c4a05ca5070fc36c1a","lassa_sitrep_2019_w03_20190114.pdf",FALSE,TRUE,1425410,NA,3,TRUE,NA,2019,NA,NA,FALSE,"6bffb035b705a1c4a05ca5070fc36c1a",NA,NA,NA
393,"An update of Lassa fever outbreak in Nigeria for Week 4","26 January 2019","An update of Lassa fever outbreak in Nigeria_260119_4.pdf","https://ncdc.gov.ng/themes/common/files/sitreps/32345cc53b5b9c91950d722cceabfe09.pdf",2019-01-26,4,2019,"32345cc53b5b9c91950d722cceabfe09","lassa_sitrep_2019_w04_20190126.pdf",FALSE,TRUE,1347560,NA,3,TRUE,NA,2019,NA,NA,FALSE,"32345cc53b5b9c91950d722cceabfe09",NA,NA,NA
392,"An update of Lassa fever outbreak in Nigeria for Week 5","02 February 2019","An update of Lassa fever outbreak in Nigeria_020219_5.pdf","https://ncdc.gov.ng/themes/common/files/sitreps/79ec39e319ae97e30b147f2833ac4500.pdf",2019-02-02,5,2019,"79ec39e319ae97e30b147f2833ac4500","lassa_sitrep_2019_w05_20190202.pdf",FALSE,TRUE,1346850,NA,3,TRUE,NA,2019,NA,NA,FALSE,"79ec39e319ae97e30b147f2833ac4500",NA,NA,NA
391,"An update of Lassa fever outbreak in Nigeria for Week 6","09 February 2019","An update of Lassa fever outbreak in Nigeria_090219_6.pdf","https://ncdc.gov.ng/themes/common/files/sitreps/b94e459c79a59ca9d667a55539cda5db.pdf",2019-02-09,6,2019,"b94e459c79a59ca9d667a55539cda5db","lassa_sitrep_2019_w06_20190209.pdf",FALSE,TRUE,1389219,NA,3,TRUE,NA,2019,NA,NA,FALSE,"b94e459c79a59ca9d667a55539cda5db",NA,NA,NA
390,"An update of Lassa fever outbreak in Nigeria for Week 7","16 February 2019","An update of Lassa fever outbreak in Nigeria_160219_7.pdf","https://ncdc.gov.ng/themes/common/files/sitreps/e1d1da55858e81ff0e5ae49421f054d3.pdf",2019-02-16,7,2019,"e1d1da55858e81ff0e5ae49421f054d3","lassa_sitrep_2019_w07_20190216.pdf",FALSE,TRUE,1359434,NA,3,TRUE,NA,2019,NA,NA,FALSE,"e1d1da55858e81ff0e5ae49421f054d3",NA,NA,NA
389,"An update of Lassa fever outbreak in Nigeria for Week 8","23 February 2019","An update of Lassa fever outbreak in Nigeria_230219_8.pdf","https://ncdc.gov.ng/themes/common/files/sitreps/4aaa8fb1b4a63e02b8b86969d999b0fa.pdf",2019-02-23,8,2019,"4aaa8fb1b4a63e02b8b86969d999b0fa","lassa_sitrep_2019_w08_20190223.pdf",FALSE,TRUE,1388439,NA,3,TRUE,NA,2019,NA,NA,FALSE,"4aaa8fb1b4a63e02b8b86969d999b0fa",NA,NA,NA
388,"An update of Lassa fever outbreak in Nigeria for Week 9","02 March 2019","An update of Lassa fever outbreak in Nigeria_020319_9.pdf","https://ncdc.gov.ng/themes/common/files/sitreps/b1f8ce34f8b499f859b3bcdadcd90c4c.pdf",2019-03-02,9,2019,"b1f8ce34f8b499f859b3bcdadcd90c4c","lassa_sitrep_2019_w09_20190302.pdf",FALSE,TRUE,1556923,NA,4,TRUE,NA,2019,NA,NA,FALSE,"b1f8ce34f8b499f859b3bcdadcd90c4c",NA,NA,NA
387,"An update of Lassa fever outbreak in Nigeria for Week 10","09 March 2019","An update of Lassa fever outbreak in Nigeria_090319_10.pdf","https://ncdc.gov.ng/themes/common/files/sitreps/fb9d5a2650ad367b154fa151d3af2216.pdf",2019-03-09,10,2019,"fb9d5a2650ad367b154fa151d3af2216","lassa_sitrep_2019_w10_20190309.pdf",FALSE,TRUE,2671696,NA,3,TRUE,NA,2019,NA,NA,FALSE,"fb9d5a2650ad367b154fa151d3af2216",NA,NA,NA
386,"An update of Lassa fever outbreak in Nigeria for Week 11","16 March 2019","An update of Lassa fever outbreak in Nigeria_160319_11.pdf","https://ncdc.gov.ng/themes/common/files/sitreps/d3cfc533ee17f071904aa4aec5f764cc.pdf",2019-03-16,11,2019,"d3cfc533ee17f071904aa4aec5f764cc","lassa_sitrep_2019_w11_20190316.pdf",FALSE,TRUE,1526140,NA,4,TRUE,NA,2019,NA,NA,FALSE,"d3cfc533ee17f071904aa4aec5f764cc",NA,NA,NA
385,"An update of Lassa fever outbreak in Nigeria for Week 12","23 March 2019","An update of Lassa fever outbreak in Nigeria_230319_12.pdf","https://ncdc.gov.ng/themes/common/files/sitreps/162d8ebd45f852845a2ba11fa196c517.pdf",2019-03-23,12,2019,"162d8ebd45f852845a2ba11fa196c517","lassa_sitrep_2019_w12_20190323.pdf",FALSE,TRUE,1583024,NA,4,TRUE,NA,2019,NA,NA,FALSE,"162d8ebd45f852845a2ba11fa196c517",NA,NA,NA
384,"An update of Lassa fever outbreak in Nigeria for Week 13","30 March 2019","An update of Lassa fever outbreak in Nigeria_300319_13.pdf","https://ncdc.gov.ng/themes/common/files/sitreps/63fad1ba5d86869a2a386e46b9bd7865.pdf",2019-03-30,13,2019,"63fad1ba5d86869a2a386e46b9bd7865","lassa_sitrep_2019_w13_20190330.pdf",FALSE,TRUE,1574900,NA,4,TRUE,NA,2019,NA,NA,FALSE,"63fad1ba5d86869a2a386e46b9bd7865",NA,NA,NA
383,"An update of Lassa fever outbreak in Nigeria for Week 14","06 April 2019","An update of Lassa fever outbreak in Nigeria_060419_14.pdf","https://ncdc.gov.ng/themes/common/files/sitreps/00c3ab632955d919aee88ad1c471b70b.pdf",2019-04-06,14,2019,"00c3ab632955d919aee88ad1c471b70b","lassa_sitrep_2019_w14_20190406.pdf",FALSE,TRUE,1528102,NA,4,TRUE,NA,2019,NA,NA,FALSE,"00c3ab632955d919aee88ad1c471b70b",NA,NA,NA
382,"An update of Lassa fever outbreak in Nigeria for Week 15","13 April 2019","An update of Lassa fever outbreak in Nigeria_130419_15.pdf","https://ncdc.gov.ng/themes/common/files/sitreps/6335a997fae8a73a682e04162221e782.pdf",2019-04-13,15,2019,"6335a997fae8a73a682e04162221e782","lassa_sitrep_2019_w15_20190413.pdf",FALSE,TRUE,1579719,NA,4,TRUE,NA,2019,NA,NA,FALSE,"6335a997fae8a73a682e04162221e782",NA,NA,NA
381,"An update of Lassa fever outbreak in Nigeria for Week 16","20 April 2019","An update of Lassa fever outbreak in Nigeria_200419_16.pdf","https://ncdc.gov.ng/themes/common/files/sitreps/c74e897e8a0c7c09ec9d666d49eb4bed.pdf",2019-04-20,16,2019,"c74e897e8a0c7c09ec9d666d49eb4bed","lassa_sitrep_2019_w16_20190420.pdf",FALSE,TRUE,1599821,NA,4,TRUE,NA,2019,NA,NA,FALSE,"c74e897e8a0c7c09ec9d666d49eb4bed",NA,NA,NA
380,"An update of Lassa fever outbreak in Nigeria for Week 17","27 April 2019","An update of Lassa fever outbreak in Nigeria_270419_17.pdf","https://ncdc.gov.ng/themes/common/files/sitreps/4e49924d82deac921303f7a853684883.pdf",2019-04-27,17,2019,"4e49924d82deac921303f7a853684883","lassa_sitrep_2019_w17_20190427.pdf",FALSE,TRUE,1603382,NA,4,TRUE,NA,2019,NA,NA,FALSE,"4e49924d82deac921303f7a853684883",NA,NA,NA
379,"An update of Lassa fever outbreak in Nigeria for Week 18","04 May 2019","An update of Lassa fever outbreak in Nigeria_040519_18.pdf","https://ncdc.gov.ng/themes/common/files/sitreps/a0c05882f93e4a1cfab48e4972bd9c10.pdf",2019-05-04,18,2019,"a0c05882f93e4a1cfab48e4972bd9c10","lassa_sitrep_2019_w18_20190504.pdf",FALSE,TRUE,1394591,NA,4,TRUE,NA,2019,NA,NA,FALSE,"a0c05882f93e4a1cfab48e4972bd9c10",NA,NA,NA
378,"An update of Lassa fever outbreak in Nigeria for Week 19","11 May 2019","An update of Lassa fever outbreak in Nigeria_110519_19.pdf","https://ncdc.gov.ng/themes/common/files/sitreps/e4500706560ea8b6a77b2435b5ba3cb8.pdf",2019-05-11,19,2019,"e4500706560ea8b6a77b2435b5ba3cb8","lassa_sitrep_2019_w19_20190511.pdf",FALSE,TRUE,1370466,NA,4,TRUE,NA,2019,NA,NA,FALSE,"e4500706560ea8b6a77b2435b5ba3cb8",NA,NA,NA
377,"An update of Lassa fever outbreak in Nigeria for Week 20","17 May 2019","An update of Lassa fever outbreak in Nigeria_170519_20.pdf","https://ncdc.gov.ng/themes/common/files/sitreps/19f331972d87c0432ba41b51bf79b2a6.pdf",2019-05-17,20,2019,"19f331972d87c0432ba41b51bf79b2a6","lassa_sitrep_2019_w20_20190517.pdf",FALSE,TRUE,1421977,NA,4,TRUE,NA,2019,NA,NA,FALSE,"19f331972d87c0432ba41b51bf79b2a6",NA,NA,NA
376,"An update of Lassa fever outbreak in Nigeria for Week 21","24 May 2019","An update of Lassa fever outbreak in Nigeria_240519_21.pdf","https://ncdc.gov.ng/themes/common/files/sitreps/3e6ff785d3edf12620bfe360c39c04eb.pdf",2019-05-24,21,2019,"3e6ff785d3edf12620bfe360c39c04eb","lassa_sitrep_2019_w21_20190524.pdf",FALSE,TRUE,1373502,NA,4,TRUE,NA,2019,NA,NA,FALSE,"3e6ff785d3edf12620bfe360c39c04eb",NA,NA,NA
375,"An update of Lassa fever outbreak in Nigeria for Week 22","29 May 2019","An update of Lassa fever outbreak in Nigeria_290519_22.pdf","https://ncdc.gov.ng/themes/common/files/sitreps/a8513cc8c70578750fda1982c08e57a6.pdf",2019-05-29,22,2019,"a8513cc8c70578750fda1982c08e57a6","lassa_sitrep_2019_w22_20190529.pdf",FALSE,TRUE,1442481,NA,4,TRUE,NA,2019,NA,NA,FALSE,"a8513cc8c70578750fda1982c08e57a6",NA,NA,NA
374,"An update of Lassa fever outbreak in Nigeria for Week 23","07 June 2019","An update of Lassa fever outbreak in Nigeria_070619_23.pdf","https://ncdc.gov.ng/themes/common/files/sitreps/313f51edfe69d9073ca27ee64993c4e9.pdf",2019-06-07,23,2019,"313f51edfe69d9073ca27ee64993c4e9","lassa_sitrep_2019_w23_20190607.pdf",FALSE,TRUE,1443676,NA,4,TRUE,NA,2019,NA,NA,FALSE,"313f51edfe69d9073ca27ee64993c4e9",NA,NA,NA
373,"An update of Lassa fever outbreak in Nigeria for Week 24","14 June 2019","An update of Lassa fever outbreak in Nigeria_140619_24.pdf","https://ncdc.gov.ng/themes/common/files/sitreps/2e23321022dfec363be954c17b94c392.pdf",2019-06-14,24,2019,"2e23321022dfec363be954c17b94c392","lassa_sitrep_2019_w24_20190614.pdf",FALSE,TRUE,1435897,NA,4,TRUE,NA,2019,NA,NA,FALSE,"2e23321022dfec363be954c17b94c392",NA,NA,NA
372,"An update of Lassa fever outbreak in Nigeria for Week 25","20 June 2019","An update of Lassa fever outbreak in Nigeria_200619_25.pdf","https://ncdc.gov.ng/themes/common/files/sitreps/c69b8d319b4b8ac090100008461d85ac.pdf",2019-06-20,25,2019,"c69b8d319b4b8ac090100008461d85ac","lassa_sitrep_2019_w25_20190620.pdf",FALSE,TRUE,1413774,NA,4,TRUE,NA,2019,NA,NA,FALSE,"c69b8d319b4b8ac090100008461d85ac",NA,NA,NA
371,"An update of Lassa fever outbreak in Nigeria for Week 26","28 June 2019","An update of Lassa fever outbreak in Nigeria_280619_26.pdf","https://ncdc.gov.ng/themes/common/files/sitreps/28e15c98c6b1da4232f2d3a4b2db40b5.pdf",2019-06-28,26,2019,"28e15c98c6b1da4232f2d3a4b2db40b5","lassa_sitrep_2019_w26_20190628.pdf",FALSE,TRUE,1427683,NA,4,TRUE,NA,2019,NA,NA,FALSE,"28e15c98c6b1da4232f2d3a4b2db40b5",NA,NA,NA
370,"An update of Lassa fever outbreak in Nigeria for Week 27","05 July 2019","An update of Lassa fever outbreak in Nigeria_050719_27.pdf","https://ncdc.gov.ng/themes/common/files/sitreps/a6a67b9036f6beb16adebfb11e65190f.pdf",2019-07-05,27,2019,"a6a67b9036f6beb16adebfb11e65190f","lassa_sitrep_2019_w27_20190705.pdf",FALSE,TRUE,1367442,NA,4,TRUE,NA,2019,NA,NA,FALSE,"a6a67b9036f6beb16adebfb11e65190f",NA,NA,NA
369,"An update of Lassa fever outbreak in Nigeria for Week 28","12 July 2019","An update of Lassa fever outbreak in Nigeria_120719_28.pdf","https://ncdc.gov.ng/themes/common/files/sitreps/56948d303e7cd90d5ba679d6a099f1f5.pdf",2019-07-12,28,2019,"56948d303e7cd90d5ba679d6a099f1f5","lassa_sitrep_2019_w28_20190712.pdf",FALSE,TRUE,1370574,NA,4,TRUE,NA,2019,NA,NA,FALSE,"56948d303e7cd90d5ba679d6a099f1f5",NA,NA,NA
368,"An update of Lassa fever outbreak in Nigeria for Week 29","18 July 2019","An update of Lassa fever outbreak in Nigeria_180719_29.pdf","https://ncdc.gov.ng/themes/common/files/sitreps/132b77fcb35c95e0ac7f74f44fbdb4a0.pdf",2019-07-18,29,2019,"132b77fcb35c95e0ac7f74f44fbdb4a0","lassa_sitrep_2019_w29_20190718.pdf",FALSE,TRUE,1369527,NA,4,TRUE,NA,2019,NA,NA,FALSE,"132b77fcb35c95e0ac7f74f44fbdb4a0",NA,NA,NA
367,"An update of Lassa fever outbreak in Nigeria for Week 30","26 July 2019","An update of Lassa fever outbreak in Nigeria_260719_30.pdf","https://ncdc.gov.ng/themes/common/files/sitreps/f26f95f419026d48bd9d3e177d6a4e0c.pdf",2019-07-26,30,2019,"f26f95f419026d48bd9d3e177d6a4e0c","lassa_sitrep_2019_w30_20190726.pdf",FALSE,TRUE,1357358,NA,4,TRUE,NA,2019,NA,NA,FALSE,"f26f95f419026d48bd9d3e177d6a4e0c",NA,NA,NA
366,"An update of Lassa fever outbreak in Nigeria for Week 31","01 August 2019","An update of Lassa fever outbreak in Nigeria_010819_31.pdf","https://ncdc.gov.ng/themes/common/files/sitreps/dd05ce463fb792c9b2fc3850bfe9ad73.pdf",2019-08-01,31,2019,"dd05ce463fb792c9b2fc3850bfe9ad73","lassa_sitrep_2019_w31_20190801.pdf",FALSE,TRUE,1523817,NA,4,TRUE,NA,2019,NA,NA,FALSE,"dd05ce463fb792c9b2fc3850bfe9ad73",NA,NA,NA
365,"An update of Lassa fever outbreak in Nigeria for Week 32","08 August 2019","An update of Lassa fever outbreak in Nigeria_080819_32.pdf","https://ncdc.gov.ng/themes/common/files/sitreps/11bd00428b15b5a9c160ca4818821830.pdf",2019-08-08,32,2019,"11bd00428b15b5a9c160ca4818821830","lassa_sitrep_2019_w32_20190808.pdf",FALSE,TRUE,1490710,NA,4,TRUE,NA,2019,NA,NA,FALSE,"11bd00428b15b5a9c160ca4818821830",NA,NA,NA
364,"An update of Lassa fever outbreak in Nigeria for Week 33","16 August 2019","An update of Lassa fever outbreak in Nigeria_160819_33.pdf","https://ncdc.gov.ng/themes/common/files/sitreps/4c928646d133ba0cde5a7c5731ca2d68.pdf",2019-08-16,33,2019,"4c928646d133ba0cde5a7c5731ca2d68","lassa_sitrep_2019_w33_20190816.pdf",FALSE,TRUE,1357763,NA,4,TRUE,NA,2019,NA,NA,FALSE,"4c928646d133ba0cde5a7c5731ca2d68",NA,NA,NA
363,"An update of Lassa fever outbreak in Nigeria for Week 36","06 September 2019","An update of Lassa fever outbreak in Nigeria_060919_36.pdf","https://ncdc.gov.ng/themes/common/files/sitreps/2298ace1545cc7da74ce4d565bbfee77.pdf",2019-09-06,36,2019,"2298ace1545cc7da74ce4d565bbfee77","lassa_sitrep_2019_w36_20190906.pdf",FALSE,TRUE,1712189,NA,4,TRUE,NA,2019,NA,NA,FALSE,"2298ace1545cc7da74ce4d565bbfee77",NA,NA,NA
362,"An update of Lassa fever outbreak in Nigeria for Week 37","14 September 2019","An update of Lassa fever outbreak in Nigeria_140919_37.pdf","https://ncdc.gov.ng/themes/common/files/sitreps/f19f1ede2ebd582933233e46235224be.pdf",2019-09-14,37,2019,"f19f1ede2ebd582933233e46235224be","lassa_sitrep_2019_w37_20190914.pdf",FALSE,TRUE,1625489,NA,4,TRUE,NA,2019,NA,NA,FALSE,"f19f1ede2ebd582933233e46235224be",NA,NA,NA
361,"An update of Lassa fever outbreak in Nigeria for Week 38","20 September 2019","An update of Lassa fever outbreak in Nigeria_200919_38.pdf","https://ncdc.gov.ng/themes/common/files/sitreps/799e4c6876d30930daf537045d02f1e2.pdf",2019-09-20,38,2019,"799e4c6876d30930daf537045d02f1e2","lassa_sitrep_2019_w38_20190920.pdf",FALSE,TRUE,1868797,NA,4,TRUE,NA,2019,NA,NA,FALSE,"799e4c6876d30930daf537045d02f1e2",NA,NA,NA
360,"An update of Lassa fever outbreak in Nigeria for Week 39","27 September 2019","An update of Lassa fever outbreak in Nigeria_270919_39.pdf","https://ncdc.gov.ng/themes/common/files/sitreps/51aeb24d60696e24ce70195e43673dc6.pdf",2019-09-27,39,2019,"51aeb24d60696e24ce70195e43673dc6","lassa_sitrep_2019_w39_20190927.pdf",FALSE,TRUE,1850268,NA,4,TRUE,NA,2019,NA,NA,FALSE,"51aeb24d60696e24ce70195e43673dc6",NA,NA,NA
359,"An update of Lassa fever outbreak in Nigeria for Week 40","04 October 2019","An update of Lassa fever outbreak in Nigeria_041019_40.pdf","https://ncdc.gov.ng/themes/common/files/sitreps/c296cb25d59a1b90d7c578835bb42689.pdf",2019-10-04,40,2019,"c296cb25d59a1b90d7c578835bb42689","lassa_sitrep_2019_w40_20191004.pdf",FALSE,TRUE,2017986,NA,4,TRUE,NA,2019,NA,NA,FALSE,"c296cb25d59a1b90d7c578835bb42689",NA,NA,NA
358,"An update of Lassa fever outbreak in Nigeria for Week 41","11 October 2019","An update of Lassa fever outbreak in Nigeria_111019_41.pdf","https://ncdc.gov.ng/themes/common/files/sitreps/e76f60667cbf17134d486c494336cb67.pdf",2019-10-11,41,2019,"e76f60667cbf17134d486c494336cb67","lassa_sitrep_2019_w41_20191011.pdf",FALSE,TRUE,1819499,NA,4,TRUE,NA,2019,NA,NA,FALSE,"e76f60667cbf17134d486c494336cb67",NA,NA,NA
357,"An update of Lassa fever outbreak in Nigeria for Week 42","18 October 2019","An update of Lassa fever outbreak in Nigeria_181019_42.pdf","https://ncdc.gov.ng/themes/common/files/sitreps/837199c65a04039fdbfe1a562abb31a2.pdf",2019-10-18,42,2019,"837199c65a04039fdbfe1a562abb31a2","lassa_sitrep_2019_w42_20191018.pdf",FALSE,TRUE,1842596,NA,4,TRUE,NA,2019,NA,NA,FALSE,"837199c65a04039fdbfe1a562abb31a2",NA,NA,NA
356,"An update of Lassa fever outbreak in Nigeria for Week 43","25 October 2019","An update of Lassa fever outbreak in Nigeria_251019_43.pdf","https://ncdc.gov.ng/themes/common/files/sitreps/59b30f347cc6439a88cc94dc5fb00b77.pdf",2019-10-25,43,2019,"59b30f347cc6439a88cc94dc5fb00b77","lassa_sitrep_2019_w43_20191025.pdf",FALSE,TRUE,1708040,NA,4,TRUE,NA,2019,NA,NA,FALSE,"59b30f347cc6439a88cc94dc5fb00b77",NA,NA,NA
355,"An update of Lassa fever outbreak in Nigeria for Week 44","01 November 2019","An update of Lassa fever outbreak in Nigeria_011119_44.pdf","https://ncdc.gov.ng/themes/common/files/sitreps/1daf59c8c484ea3c8eb59feb7bd342fd.pdf",2019-11-01,44,2019,"1daf59c8c484ea3c8eb59feb7bd342fd","lassa_sitrep_2019_w44_20191101.pdf",FALSE,TRUE,1594082,NA,4,TRUE,NA,2019,NA,NA,FALSE,"1daf59c8c484ea3c8eb59feb7bd342fd",NA,NA,NA
354,"An update of Lassa fever outbreak in Nigeria for Week 45","08 November 2019","An update of Lassa fever outbreak in Nigeria_081119_45.pdf","https://ncdc.gov.ng/themes/common/files/sitreps/d63b9cc5e7e303b4e7ade8a0e797cf12.pdf",2019-11-08,45,2019,"d63b9cc5e7e303b4e7ade8a0e797cf12","lassa_sitrep_2019_w45_20191108.pdf",FALSE,TRUE,1919363,NA,4,TRUE,NA,2019,NA,NA,FALSE,"d63b9cc5e7e303b4e7ade8a0e797cf12",NA,NA,NA
353,"An update of Lassa fever outbreak in Nigeria for Week 46","15 November 2019","An update of Lassa fever outbreak in Nigeria_151119_46.pdf","https://ncdc.gov.ng/themes/common/files/sitreps/880252c911f67ee1ba2c2b13be8f2a8a.pdf",2019-11-15,46,2019,"880252c911f67ee1ba2c2b13be8f2a8a","lassa_sitrep_2019_w46_20191115.pdf",FALSE,TRUE,1699101,NA,4,TRUE,NA,2019,NA,NA,FALSE,"880252c911f67ee1ba2c2b13be8f2a8a",NA,NA,NA
352,"An update of Lassa fever outbreak in Nigeria for Week 47","22 November 2019","An update of Lassa fever outbreak in Nigeria_221119_47.pdf","https://ncdc.gov.ng/themes/common/files/sitreps/69c3c32b820f509b646a7c37fb02e508.pdf",2019-11-22,47,2019,"69c3c32b820f509b646a7c37fb02e508","lassa_sitrep_2019_w47_20191122.pdf",FALSE,TRUE,1766550,NA,4,TRUE,NA,2019,NA,NA,FALSE,"69c3c32b820f509b646a7c37fb02e508",NA,NA,NA
351,"An update of Lassa fever outbreak in Nigeria for Week 48","29 November 2019","An update of Lassa fever outbreak in Nigeria_291119_48.pdf","https://ncdc.gov.ng/themes/common/files/sitreps/35ec4b24e7d4432c4728ac9cbdcd0ff6.pdf",2019-11-29,48,2019,"35ec4b24e7d4432c4728ac9cbdcd0ff6","lassa_sitrep_2019_w48_20191129.pdf",FALSE,TRUE,1749835,NA,4,TRUE,NA,2019,NA,NA,FALSE,"35ec4b24e7d4432c4728ac9cbdcd0ff6",NA,NA,NA
350,"An update of Lassa fever outbreak in Nigeria for Week 49","06 December 2019","An update of Lassa fever outbreak in Nigeria_061219_49.pdf","https://ncdc.gov.ng/themes/common/files/sitreps/034860f0b4a3c4fdf25d3a4571586739.pdf",2019-12-06,49,2019,"034860f0b4a3c4fdf25d3a4571586739","lassa_sitrep_2019_w49_20191206.pdf",FALSE,TRUE,1749412,NA,4,TRUE,NA,2019,NA,NA,FALSE,"034860f0b4a3c4fdf25d3a4571586739",NA,NA,NA
349,"An update of Lassa fever outbreak in Nigeria for Week 50","13 December 2019","An update of Lassa fever outbreak in Nigeria_131219_50.pdf","https://ncdc.gov.ng/themes/common/files/sitreps/2551b4476f5f538c7a514efa231f0472.pdf",2019-12-13,50,2019,"2551b4476f5f538c7a514efa231f0472","lassa_sitrep_2019_w50_20191213.pdf",FALSE,TRUE,1756369,NA,4,TRUE,NA,2019,NA,NA,FALSE,"2551b4476f5f538c7a514efa231f0472",NA,NA,NA
348,"An update of Lassa fever outbreak in Nigeria for Week 51","21 December 2019","An update of Lassa fever outbreak in Nigeria_211219_51.pdf","https://ncdc.gov.ng/themes/common/files/sitreps/2c2015ced0591ff2b74695c7103555b9.pdf",2019-12-21,51,2019,"2c2015ced0591ff2b74695c7103555b9","lassa_sitrep_2019_w51_20191221.pdf",FALSE,TRUE,1655760,NA,4,TRUE,NA,2019,NA,NA,FALSE,"2c2015ced0591ff2b74695c7103555b9",NA,NA,NA
347,"An update of Lassa fever outbreak in Nigeria for Week 52","28 December 2019","An update of Lassa fever outbreak in Nigeria_281219_52.pdf","https://ncdc.gov.ng/themes/common/files/sitreps/8c02d1bf6e3e02aa2adfe144dda40db2.pdf",2019-12-28,52,2019,"8c02d1bf6e3e02aa2adfe144dda40db2","lassa_sitrep_2019_w52_20191228.pdf",FALSE,TRUE,1786868,NA,4,TRUE,NA,2019,NA,NA,FALSE,"8c02d1bf6e3e02aa2adfe144dda40db2",NA,NA,NA
346,"An update of Lassa fever outbreak in Nigeria for Week 1","04 January 2020","An update of Lassa fever outbreak in Nigeria_040120_1.pdf","https://ncdc.gov.ng/themes/common/files/sitreps/51a4dba0f66b926a46a6ed769617f131.pdf",2020-01-04,1,2020,"51a4dba0f66b926a46a6ed769617f131","lassa_sitrep_2020_w01_20200104.pdf",FALSE,TRUE,1303567,NA,6,TRUE,1,2019,4,"Table 3. Confirmed cases by State, current week 2020 with trend compared to previous week",FALSE,"51a4dba0f66b926a46a6ed769617f131",NA,"data/sitreps/png/lassa_sitrep_2020_w01_20200104_table3.png","data/sitreps/png/lassa_sitrep_2020_w01_20200104_extract.png"
345,"An update of Lassa fever outbreak in Nigeria for Week 2","11 January 2020","An update of Lassa fever outbreak in Nigeria_110120_2.pdf","https://ncdc.gov.ng/themes/common/files/sitreps/86960b34bd33ac09ceb148276d74aa9c.pdf",2020-01-11,2,2020,"86960b34bd33ac09ceb148276d74aa9c","lassa_sitrep_2020_w02_20200111.pdf",FALSE,TRUE,1562735,NA,6,TRUE,2,2020,4,"Table 3. Confirmed cases by State, current week 2020 with trend compared to previous week",FALSE,"86960b34bd33ac09ceb148276d74aa9c",NA,"data/sitreps/png/lassa_sitrep_2020_w02_20200111_table3.png","data/sitreps/png/lassa_sitrep_2020_w02_20200111_extract.png"
344,"An update of Lassa fever outbreak in Nigeria for Week 3","18 January 2020","An update of Lassa fever outbreak in Nigeria_180120_3.pdf","https://ncdc.gov.ng/themes/common/files/sitreps/f781e8e072592b37f51a19723a01cbba.pdf",2020-01-18,3,2020,"f781e8e072592b37f51a19723a01cbba","lassa_sitrep_2020_w03_20200118.pdf",FALSE,TRUE,1557536,NA,6,TRUE,3,2020,4,"Table 3. Total number of confirmed cases for 2020 and new confirmed cases for the current week by",FALSE,"f781e8e072592b37f51a19723a01cbba",NA,"data/sitreps/png/lassa_sitrep_2020_w03_20200118_table3.png","data/sitreps/png/lassa_sitrep_2020_w03_20200118_extract.png"
343,"An update of Lassa fever outbreak in Nigeria for Week 4","25 January 2020","An update of Lassa fever outbreak in Nigeria_250120_4.pdf","https://ncdc.gov.ng/themes/common/files/sitreps/9f755119d0c6e28f2747ace79a1bb4f8.pdf",2020-01-25,4,2020,"9f755119d0c6e28f2747ace79a1bb4f8","lassa_sitrep_2020_w04_20200125.pdf",FALSE,TRUE,959598,NA,6,TRUE,4,2020,3,"Table 3. Cumulative number of confirmed cases for 2020 and new confirmed cases for the current week",FALSE,"9f755119d0c6e28f2747ace79a1bb4f8",NA,"data/sitreps/png/lassa_sitrep_2020_w04_20200125_table3.png","data/sitreps/png/lassa_sitrep_2020_w04_20200125_extract.png"
342,"An update of Lassa fever outbreak in Nigeria for Week 5","01 February 2020","An update of Lassa fever outbreak in Nigeria_010220_5.pdf","https://ncdc.gov.ng/themes/common/files/sitreps/5d40f81a06701616c6d36bd9ae220863.pdf",2020-02-01,5,2020,"5d40f81a06701616c6d36bd9ae220863","lassa_sitrep_2020_w05_20200201.pdf",FALSE,TRUE,1197042,NA,6,TRUE,5,2020,3,"Table 3. Cumulative number of confirmed cases for 2020 and new confirmed cases for the current week",FALSE,"5d40f81a06701616c6d36bd9ae220863",NA,"data/sitreps/png/lassa_sitrep_2020_w05_20200201_table3.png","data/sitreps/png/lassa_sitrep_2020_w05_20200201_extract.png"
341,"An update of Lassa fever outbreak in Nigeria for Week 6","08 February 2020","An update of Lassa fever outbreak in Nigeria_080220_6.pdf","https://ncdc.gov.ng/themes/common/files/sitreps/4815dcdd3549625788c318b9e176bf58.pdf",2020-02-08,6,2020,"4815dcdd3549625788c318b9e176bf58","lassa_sitrep_2020_w06_20200208.pdf",FALSE,TRUE,1118845,NA,6,TRUE,6,2020,3,"Table 3: Key indicators for current week 2020 and trend compared to previous week, Nigeria",FALSE,"4815dcdd3549625788c318b9e176bf58",NA,"data/sitreps/png/lassa_sitrep_2020_w06_20200208_table3.png","data/sitreps/png/lassa_sitrep_2020_w06_20200208_extract.png"
340,"An update of Lassa fever outbreak in Nigeria for Week 7","15 February 2020","An update of Lassa fever outbreak in Nigeria_150220_7.pdf","https://ncdc.gov.ng/themes/common/files/sitreps/6972c8ce98679587edf51016e9ab4051.pdf",2020-02-15,7,2020,"6972c8ce98679587edf51016e9ab4051","lassa_sitrep_2020_w07_20200215.pdf",FALSE,TRUE,1159444,NA,6,TRUE,NA,2020,4,"Table 3: Weekly and cumulative number of suspected and confirmed cases for 2020.",FALSE,"6972c8ce98679587edf51016e9ab4051",NA,"data/sitreps/png/lassa_sitrep_2020_w07_20200215_table3.png","data/sitreps/png/lassa_sitrep_2020_w07_20200215_extract.png"
339,"An update of Lassa fever outbreak in Nigeria for Week 8","22 February 2020","An update of Lassa fever outbreak in Nigeria_220220_8.pdf","https://ncdc.gov.ng/themes/common/files/sitreps/eb959088c813beb00dd33053ca3a771b.pdf",2020-02-22,8,2020,"eb959088c813beb00dd33053ca3a771b","lassa_sitrep_2020_w08_20200222.pdf",FALSE,TRUE,1087038,NA,6,TRUE,8,2020,4,"Table 3. Weekly and Cumulative number of suspected, and confirmed cases for 2020",FALSE,"eb959088c813beb00dd33053ca3a771b",NA,"data/sitreps/png/lassa_sitrep_2020_w08_20200222_table3.png","data/sitreps/png/lassa_sitrep_2020_w08_20200222_extract.png"
338,"An update of Lassa fever outbreak in Nigeria for Week 9","29 February 2020","An update of Lassa fever outbreak in Nigeria_290220_9.pdf","https://ncdc.gov.ng/themes/common/files/sitreps/200c8e605d760e107ac9b55bd6c15955.pdf",2020-02-29,9,2020,"200c8e605d760e107ac9b55bd6c15955","lassa_sitrep_2020_w09_20200229.pdf",FALSE,TRUE,813369,NA,6,TRUE,9,2020,4,"Table 3. Weekly and Cumulative number of suspected and confirmed cases for 2020",FALSE,"200c8e605d760e107ac9b55bd6c15955",NA,"data/sitreps/png/lassa_sitrep_2020_w09_20200229_table3.png","data/sitreps/png/lassa_sitrep_2020_w09_20200229_extract.png"
337,"An update of Lassa fever outbreak in Nigeria for Week 10","07 March 2020","An update of Lassa fever outbreak in Nigeria_070320_10.pdf","https://ncdc.gov.ng/themes/common/files/sitreps/f9c5b3d7327f20c15c3916ff5514fb14.pdf",2020-03-07,10,2020,"f9c5b3d7327f20c15c3916ff5514fb14","lassa_sitrep_2020_w10_20200307.pdf",FALSE,TRUE,1005844,NA,6,TRUE,10,2020,4,"Table 3. Weekly and Cumulative number of suspected and confirmed cases for 2020",FALSE,"f9c5b3d7327f20c15c3916ff5514fb14",NA,"data/sitreps/png/lassa_sitrep_2020_w10_20200307_table3.png","data/sitreps/png/lassa_sitrep_2020_w10_20200307_extract.png"
336,"An update of Lassa fever outbreak in Nigeria for Week 11","14 March 2020","An update of Lassa fever outbreak in Nigeria_140320_11.pdf","https://ncdc.gov.ng/themes/common/files/sitreps/bfd8f028748ff5ded5edc9c25308fdad.pdf",2020-03-14,11,2020,"bfd8f028748ff5ded5edc9c25308fdad","lassa_sitrep_2020_w11_20200314.pdf",FALSE,TRUE,1001242,NA,6,TRUE,11,2020,4,"Table 3. Weekly and Cumulative number of suspected and confirmed cases for 2020",FALSE,"bfd8f028748ff5ded5edc9c25308fdad",NA,"data/sitreps/png/lassa_sitrep_2020_w11_20200314_table3.png","data/sitreps/png/lassa_sitrep_2020_w11_20200314_extract.png"
335,"An update of Lassa fever outbreak in Nigeria for Week 12","21 March 2020","An update of Lassa fever outbreak in Nigeria_210320_12.pdf","https://ncdc.gov.ng/themes/common/files/sitreps/df5a2a33c3d6ced01047f8094e3cfe51.pdf",2020-03-21,12,2020,"df5a2a33c3d6ced01047f8094e3cfe51","lassa_sitrep_2020_w12_20200321.pdf",FALSE,TRUE,1070204,NA,6,TRUE,12,2020,4,"Table 3. Weekly and Cumulative number of suspected and confirmed cases for 2020",FALSE,"df5a2a33c3d6ced01047f8094e3cfe51",NA,"data/sitreps/png/lassa_sitrep_2020_w12_20200321_table3.png","data/sitreps/png/lassa_sitrep_2020_w12_20200321_extract.png"
334,"An update of Lassa fever outbreak in Nigeria for Week 13","28 March 2020","An update of Lassa fever outbreak in Nigeria_280320_13.pdf","https://ncdc.gov.ng/themes/common/files/sitreps/5b04a2042a0ed671d7b75c4aab034ac5.pdf",2020-03-28,13,2020,"5b04a2042a0ed671d7b75c4aab034ac5","lassa_sitrep_2020_w13_20200328.pdf",FALSE,TRUE,1083383,NA,6,TRUE,13,2020,4,"Table 3. Weekly and Cumulative number of suspected and confirmed cases for 2020",FALSE,"5b04a2042a0ed671d7b75c4aab034ac5",NA,"data/sitreps/png/lassa_sitrep_2020_w13_20200328_table3.png","data/sitreps/png/lassa_sitrep_2020_w13_20200328_extract.png"
333,"An update of Lassa fever outbreak in Nigeria for Week 14","04 April 2020","An update of Lassa fever outbreak in Nigeria_040420_14.pdf","https://ncdc.gov.ng/themes/common/files/sitreps/33e35c8e4838463b1590a681c01dd17a.pdf",2020-04-04,14,2020,"33e35c8e4838463b1590a681c01dd17a","lassa_sitrep_2020_w14_20200404.pdf",FALSE,TRUE,1008608,NA,6,TRUE,14,2020,4,"Table 3. Weekly and Cumulative number of suspected and confirmed cases for 2020",FALSE,"33e35c8e4838463b1590a681c01dd17a",NA,"data/sitreps/png/lassa_sitrep_2020_w14_20200404_table3.png","data/sitreps/png/lassa_sitrep_2020_w14_20200404_extract.png"
332,"An update of Lassa fever outbreak in Nigeria for Week 15","11 April 2020","An update of Lassa fever outbreak in Nigeria_110420_15.pdf","https://ncdc.gov.ng/themes/common/files/sitreps/85003e882698f28e84669b7b434bbe25.pdf",2020-04-11,15,2020,"85003e882698f28e84669b7b434bbe25","lassa_sitrep_2020_w15_20200411.pdf",FALSE,TRUE,1223265,NA,6,TRUE,15,2020,4,"Table 3. Weekly and Cumulative number of suspected and confirmed cases for 2020",FALSE,"85003e882698f28e84669b7b434bbe25",NA,"data/sitreps/png/lassa_sitrep_2020_w15_20200411_table3.png","data/sitreps/png/lassa_sitrep_2020_w15_20200411_extract.png"
331,"An update of Lassa fever outbreak in Nigeria for Week 16","18 April 2020","An update of Lassa fever outbreak in Nigeria_180420_16.pdf","https://ncdc.gov.ng/themes/common/files/sitreps/45e869f38d46ffa4fbb5fa3ef4b7d261.pdf",2020-04-18,16,2020,"45e869f38d46ffa4fbb5fa3ef4b7d261","lassa_sitrep_2020_w16_20200418.pdf",FALSE,TRUE,1126440,NA,6,TRUE,16,2020,4,"Table 3. Weekly and Cumulative number of suspected and confirmed cases for 2020",FALSE,"45e869f38d46ffa4fbb5fa3ef4b7d261",NA,"data/sitreps/png/lassa_sitrep_2020_w16_20200418_table3.png","data/sitreps/png/lassa_sitrep_2020_w16_20200418_extract.png"
330,"An update of Lassa fever outbreak in Nigeria for Week 17","25 April 2020","An update of Lassa fever outbreak in Nigeria_250420_17.pdf","https://ncdc.gov.ng/themes/common/files/sitreps/ff1dd756935ebe6eec59c163a1c5f5bf.pdf",2020-04-25,17,2020,"ff1dd756935ebe6eec59c163a1c5f5bf","lassa_sitrep_2020_w17_20200425.pdf",FALSE,TRUE,1267772,NA,6,TRUE,17,2020,4,"Table 3. Weekly and Cumulative number of suspected and confirmed cases for 2020",FALSE,"ff1dd756935ebe6eec59c163a1c5f5bf",NA,"data/sitreps/png/lassa_sitrep_2020_w17_20200425_table3.png","data/sitreps/png/lassa_sitrep_2020_w17_20200425_extract.png"
329,"An update of Lassa fever outbreak in Nigeria for Week 18","02 May 2020","An update of Lassa fever outbreak in Nigeria_020520_18.pdf","https://ncdc.gov.ng/themes/common/files/sitreps/7eea856fb051a22e6a05bb223d05da24.pdf",2020-05-02,18,2020,"7eea856fb051a22e6a05bb223d05da24","lassa_sitrep_2020_w18_20200502.pdf",FALSE,TRUE,1319246,NA,6,TRUE,18,2020,4,"Table 3. Weekly and Cumulative number of suspected and confirmed cases for 2020",FALSE,"7eea856fb051a22e6a05bb223d05da24",NA,"data/sitreps/png/lassa_sitrep_2020_w18_20200502_table3.png","data/sitreps/png/lassa_sitrep_2020_w18_20200502_extract.png"
328,"An update of Lassa fever outbreak in Nigeria for Week 19","09 May 2020","An update of Lassa fever outbreak in Nigeria_090520_19.pdf","https://ncdc.gov.ng/themes/common/files/sitreps/ff64823449ff3e26bfe83e43b2235af4.pdf",2020-05-09,19,2020,"ff64823449ff3e26bfe83e43b2235af4","lassa_sitrep_2020_w19_20200509.pdf",FALSE,TRUE,1314532,NA,6,TRUE,19,2020,4,"Table 3. Weekly and Cumulative number of suspected and confirmed cases for 2020",FALSE,"ff64823449ff3e26bfe83e43b2235af4",NA,"data/sitreps/png/lassa_sitrep_2020_w19_20200509_table3.png","data/sitreps/png/lassa_sitrep_2020_w19_20200509_extract.png"
327,"An update of Lassa fever outbreak in Nigeria for Week 20","16 May 2020","An update of Lassa fever outbreak in Nigeria_160520_20.pdf","https://ncdc.gov.ng/themes/common/files/sitreps/06257994ca1e2cdd0a35d71f29d40dbd.pdf",2020-05-16,20,2020,"06257994ca1e2cdd0a35d71f29d40dbd","lassa_sitrep_2020_w20_20200516.pdf",FALSE,TRUE,1186353,NA,6,TRUE,20,2020,4,"Table 3. Weekly and Cumulative number of suspected and confirmed cases for 2020",FALSE,"06257994ca1e2cdd0a35d71f29d40dbd",NA,"data/sitreps/png/lassa_sitrep_2020_w20_20200516_table3.png","data/sitreps/png/lassa_sitrep_2020_w20_20200516_extract.png"
326,"An update of Lassa fever outbreak in Nigeria for Week 21","23 May 2020","An update of Lassa fever outbreak in Nigeria_230520_21.pdf","https://ncdc.gov.ng/themes/common/files/sitreps/3068001f2d774a60b220ff83edcbd026.pdf",2020-05-23,21,2020,"3068001f2d774a60b220ff83edcbd026","lassa_sitrep_2020_w21_20200523.pdf",FALSE,TRUE,1537527,NA,7,TRUE,21,2020,4,"Table 3. Weekly and Cumulative number of suspected and confirmed cases for 2020",FALSE,"3068001f2d774a60b220ff83edcbd026",NA,"data/sitreps/png/lassa_sitrep_2020_w21_20200523_table3.png","data/sitreps/png/lassa_sitrep_2020_w21_20200523_extract.png"
325,"An update of Lassa fever outbreak in Nigeria for Week 22","30 May 2020","An update of Lassa fever outbreak in Nigeria_300520_22.pdf","https://ncdc.gov.ng/themes/common/files/sitreps/fdd6a45aaf14bcde402b723faa79bbde.pdf",2020-05-30,22,2020,"fdd6a45aaf14bcde402b723faa79bbde","lassa_sitrep_2020_w22_20200530.pdf",FALSE,TRUE,1216818,NA,6,TRUE,22,2020,4,"Table 3. Weekly and Cumulative number of suspected and confirmed cases for 2020",FALSE,"fdd6a45aaf14bcde402b723faa79bbde",NA,"data/sitreps/png/lassa_sitrep_2020_w22_20200530_table3.png","data/sitreps/png/lassa_sitrep_2020_w22_20200530_extract.png"
324,"An update of Lassa fever outbreak in Nigeria for Week 23","06 June 2020","An update of Lassa fever outbreak in Nigeria_060620_23.pdf","https://ncdc.gov.ng/themes/common/files/sitreps/0712913a0a2d4756c89fb5bc5bda636e.pdf",2020-06-06,23,2020,"0712913a0a2d4756c89fb5bc5bda636e","lassa_sitrep_2020_w23_20200606.pdf",FALSE,TRUE,2705911,NA,6,TRUE,23,2020,4,"(assumed: page 4, caption not readable)",FALSE,"0712913a0a2d4756c89fb5bc5bda636e",NA,"data/sitreps/png/lassa_sitrep_2020_w23_20200606_table3.png","data/sitreps/png/lassa_sitrep_2020_w23_20200606_extract.png"
323,"An update of Lassa fever outbreak in Nigeria for Week 24","13 June 2020","An update of Lassa fever outbreak in Nigeria_130620_24.pdf","https://ncdc.gov.ng/themes/common/files/sitreps/ae42c89910b9085a1f55c69b65e18f39.pdf",2020-06-13,24,2020,"ae42c89910b9085a1f55c69b65e18f39","lassa_sitrep_2020_w24_20200613.pdf",FALSE,TRUE,1259165,NA,6,TRUE,24,2020,4,"Table 3. Weekly and Cumulative number of suspected and confirmed cases for 2020",FALSE,"ae42c89910b9085a1f55c69b65e18f39",NA,"data/sitreps/png/lassa_sitrep_2020_w24_20200613_table3.png","data/sitreps/png/lassa_sitrep_2020_w24_20200613_extract.png"
322,"An update of Lassa fever outbreak in Nigeria for Week 25","20 June 2020","An update of Lassa fever outbreak in Nigeria_200620_25.pdf","https://ncdc.gov.ng/themes/common/files/sitreps/e564228244eae79b541b01b452121d7a.pdf",2020-06-20,25,2020,"e564228244eae79b541b01b452121d7a","lassa_sitrep_2020_w25_20200620.pdf",FALSE,TRUE,2678717,NA,6,TRUE,25,2020,4,"(assumed: page 4, caption not readable)",FALSE,"e564228244eae79b541b01b452121d7a",NA,"data/sitreps/png/lassa_sitrep_2020_w25_20200620_table3.png","data/sitreps/png/lassa_sitrep_2020_w25_20200620_extract.png"
321,"An update of Lassa fever outbreak in Nigeria for Week 26","27 June 2020","An update of Lassa fever outbreak in Nigeria_270620_26.pdf","https://ncdc.gov.ng/themes/common/files/sitreps/433bee475c42212be62eb375369dae44.pdf",2020-06-27,26,2020,"433bee475c42212be62eb375369dae44","lassa_sitrep_2020_w26_20200627.pdf",FALSE,TRUE,1181494,NA,6,TRUE,26,2020,4,"Table 3. Weekly and Cumulative number of suspected and confirmed cases for 2020",FALSE,"433bee475c42212be62eb375369dae44",NA,"data/sitreps/png/lassa_sitrep_2020_w26_20200627_table3.png","data/sitreps/png/lassa_sitrep_2020_w26_20200627_extract.png"
320,"An update of Lassa fever outbreak in Nigeria for Week 27","04 July 2020","An update of Lassa fever outbreak in Nigeria_040720_27.pdf","https://ncdc.gov.ng/themes/common/files/sitreps/5287809b9dfc61b9cbdcb11154990136.pdf",2020-07-04,27,2020,"5287809b9dfc61b9cbdcb11154990136","lassa_sitrep_2020_w27_20200704.pdf",FALSE,TRUE,1181337,NA,6,TRUE,27,2020,4,"Table 3. Weekly and Cumulative number of suspected and confirmed cases for 2020",FALSE,"5287809b9dfc61b9cbdcb11154990136",NA,"data/sitreps/png/lassa_sitrep_2020_w27_20200704_table3.png","data/sitreps/png/lassa_sitrep_2020_w27_20200704_extract.png"
319,"An update of Lassa fever outbreak in Nigeria for Week 28","11 July 2020","An update of Lassa fever outbreak in Nigeria_110720_28.pdf","https://ncdc.gov.ng/themes/common/files/sitreps/5840d0f858f4c69977013ff849631eeb.pdf",2020-07-11,28,2020,"5840d0f858f4c69977013ff849631eeb","lassa_sitrep_2020_w28_20200711.pdf",FALSE,TRUE,1180797,NA,6,TRUE,28,2020,4,"Table 3. Weekly and Cumulative number of suspected and confirmed cases for 2020",FALSE,"5840d0f858f4c69977013ff849631eeb",NA,"data/sitreps/png/lassa_sitrep_2020_w28_20200711_table3.png","data/sitreps/png/lassa_sitrep_2020_w28_20200711_extract.png"
318,"An update of Lassa fever outbreak in Nigeria for Week 29","18 July 2020","An update of Lassa fever outbreak in Nigeria_180720_29.pdf","https://ncdc.gov.ng/themes/common/files/sitreps/6368e49d4561e0e029d28a7a64261e30.pdf",2020-07-18,29,2020,"6368e49d4561e0e029d28a7a64261e30","lassa_sitrep_2020_w29_20200718.pdf",FALSE,TRUE,2744644,NA,6,TRUE,29,2020,4,"(assumed: page 4, caption not readable)",FALSE,"6368e49d4561e0e029d28a7a64261e30",NA,"data/sitreps/png/lassa_sitrep_2020_w29_20200718_table3.png","data/sitreps/png/lassa_sitrep_2020_w29_20200718_extract.png"
317,"An update of Lassa fever outbreak in Nigeria for Week 30","25 July 2020","An update of Lassa fever outbreak in Nigeria_250720_30.pdf","https://ncdc.gov.ng/themes/common/files/sitreps/204cb90a1386589e37e87dbbc0d07fcb.pdf",2020-07-25,30,2020,"204cb90a1386589e37e87dbbc0d07fcb","lassa_sitrep_2020_w30_20200725.pdf",FALSE,TRUE,2746446,NA,6,TRUE,30,2020,4,"(assumed: page 4, caption not readable)",FALSE,"204cb90a1386589e37e87dbbc0d07fcb",NA,"data/sitreps/png/lassa_sitrep_2020_w30_20200725_table3.png","data/sitreps/png/lassa_sitrep_2020_w30_20200725_extract.png"
316,"An update of Lassa fever outbreak in Nigeria for Week 31","01 August 2020","An update of Lassa fever outbreak in Nigeria_010820_31.pdf","https://ncdc.gov.ng/themes/common/files/sitreps/933bc928fd287705a7734d7b110e1319.pdf",2020-08-01,31,2020,"933bc928fd287705a7734d7b110e1319","lassa_sitrep_2020_w31_20200801.pdf",FALSE,TRUE,1313619,NA,6,TRUE,31,2020,4,"Table 3. Weekly and Cumulative number of suspected and confirmed cases for 2020",FALSE,"933bc928fd287705a7734d7b110e1319",NA,"data/sitreps/png/lassa_sitrep_2020_w31_20200801_table3.png","data/sitreps/png/lassa_sitrep_2020_w31_20200801_extract.png"
315,"An update of Lassa fever outbreak in Nigeria for Week 32","08 August 2020","An update of Lassa fever outbreak in Nigeria_080820_32.pdf","https://ncdc.gov.ng/themes/common/files/sitreps/861ff4b89f3ca0c716b2ea93db01c8be.pdf",2020-08-08,32,2020,"861ff4b89f3ca0c716b2ea93db01c8be","lassa_sitrep_2020_w32_20200808.pdf",FALSE,TRUE,1182938,NA,6,TRUE,32,2020,4,"Table 3. Weekly and Cumulative number of suspected and confirmed cases for 2020",FALSE,"861ff4b89f3ca0c716b2ea93db01c8be",NA,"data/sitreps/png/lassa_sitrep_2020_w32_20200808_table3.png","data/sitreps/png/lassa_sitrep_2020_w32_20200808_extract.png"
314,"An update of Lassa fever outbreak in Nigeria for Week 33","15 August 2020","An update of Lassa fever outbreak in Nigeria_150820_33.pdf","https://ncdc.gov.ng/themes/common/files/sitreps/23bd16a099cb5c393204b744e5a06224.pdf",2020-08-15,33,2020,"23bd16a099cb5c393204b744e5a06224","lassa_sitrep_2020_w33_20200815.pdf",FALSE,TRUE,2724219,NA,6,TRUE,33,2020,4,"(assumed: page 4, caption not readable)",FALSE,"23bd16a099cb5c393204b744e5a06224",NA,"data/sitreps/png/lassa_sitrep_2020_w33_20200815_table3.png","data/sitreps/png/lassa_sitrep_2020_w33_20200815_extract.png"
313,"An update of Lassa fever outbreak in Nigeria for Week 34","22 August 2020","An update of Lassa fever outbreak in Nigeria_220820_34.pdf","https://ncdc.gov.ng/themes/common/files/sitreps/ee7f9cf53ae0e4f1b696c2f4cf3eb0f9.pdf",2020-08-22,34,2020,"ee7f9cf53ae0e4f1b696c2f4cf3eb0f9","lassa_sitrep_2020_w34_20200822.pdf",FALSE,TRUE,2721732,NA,6,TRUE,34,2020,4,"(assumed: page 4, caption not readable)",FALSE,"ee7f9cf53ae0e4f1b696c2f4cf3eb0f9",NA,"data/sitreps/png/lassa_sitrep_2020_w34_20200822_table3.png","data/sitreps/png/lassa_sitrep_2020_w34_20200822_extract.png"
312,"An update of Lassa fever outbreak in Nigeria for Week 35","29 August 2020","An update of Lassa fever outbreak in Nigeria_290820_35.pdf","https://ncdc.gov.ng/themes/common/files/sitreps/3c70af0c8c9d636758c5d15211a39924.pdf",2020-08-29,35,2020,"3c70af0c8c9d636758c5d15211a39924","lassa_sitrep_2020_w35_20200829.pdf",FALSE,TRUE,2735378,NA,6,TRUE,35,2020,4,"(assumed: page 4, caption not readable)",FALSE,"3c70af0c8c9d636758c5d15211a39924",NA,"data/sitreps/png/lassa_sitrep_2020_w35_20200829_table3.png","data/sitreps/png/lassa_sitrep_2020_w35_20200829_extract.png"
311,"An update of Lassa fever outbreak in Nigeria for Week 36","05 September 2020","An update of Lassa fever outbreak in Nigeria_050920_36.pdf","https://ncdc.gov.ng/themes/common/files/sitreps/bd3b8ca5da6281d19da7c93f877370fb.pdf",2020-09-05,36,2020,"bd3b8ca5da6281d19da7c93f877370fb","lassa_sitrep_2020_w36_20200905.pdf",FALSE,TRUE,2738791,NA,7,TRUE,36,2020,4,"(assumed: page 4, caption not readable)",FALSE,"bd3b8ca5da6281d19da7c93f877370fb",NA,"data/sitreps/png/lassa_sitrep_2020_w36_20200905_table3.png","data/sitreps/png/lassa_sitrep_2020_w36_20200905_extract.png"
310,"An update of Lassa fever outbreak in Nigeria for Week 37","12 September 2020","An update of Lassa fever outbreak in Nigeria_120920_37.pdf","https://ncdc.gov.ng/themes/common/files/sitreps/0c0860d1aea6c026f30745da39f02b3a.pdf",2020-09-12,37,2020,"0c0860d1aea6c026f30745da39f02b3a","lassa_sitrep_2020_w37_20200912.pdf",FALSE,TRUE,2724774,NA,6,TRUE,37,2020,4,"(assumed: page 4, caption not readable)",FALSE,"0c0860d1aea6c026f30745da39f02b3a",NA,"data/sitreps/png/lassa_sitrep_2020_w37_20200912_table3.png","data/sitreps/png/lassa_sitrep_2020_w37_20200912_extract.png"
309,"An update of Lassa fever outbreak in Nigeria for Week 38","19 September 2020","An update of Lassa fever outbreak in Nigeria_190920_38.pdf","https://ncdc.gov.ng/themes/common/files/sitreps/b19d831d8a94e7d28a836805f9173816.pdf",2020-09-19,38,2020,"b19d831d8a94e7d28a836805f9173816","lassa_sitrep_2020_w38_20200919.pdf",FALSE,TRUE,2737144,NA,6,TRUE,38,2020,4,"(assumed: page 4, caption not readable)",FALSE,"b19d831d8a94e7d28a836805f9173816",NA,"data/sitreps/png/lassa_sitrep_2020_w38_20200919_table3.png","data/sitreps/png/lassa_sitrep_2020_w38_20200919_extract.png"
308,"An update of Lassa fever outbreak in Nigeria for Week 39","26 September 2020","An update of Lassa fever outbreak in Nigeria_260920_39.pdf","https://ncdc.gov.ng/themes/common/files/sitreps/46ae3c66dda6ddf9248133d1c6aec38d.pdf",2020-09-26,39,2020,"46ae3c66dda6ddf9248133d1c6aec38d","lassa_sitrep_2020_w39_20200926.pdf",FALSE,TRUE,1174005,NA,6,TRUE,39,2020,4,"Table 3. Weekly and Cumulative number of suspected and confirmed cases for 2020",FALSE,"46ae3c66dda6ddf9248133d1c6aec38d",NA,"data/sitreps/png/lassa_sitrep_2020_w39_20200926_table3.png","data/sitreps/png/lassa_sitrep_2020_w39_20200926_extract.png"
307,"An update of Lassa fever outbreak in Nigeria for Week 40","03 October 2020","An update of Lassa fever outbreak in Nigeria_031020_40.pdf","https://ncdc.gov.ng/themes/common/files/sitreps/ea10486a906cda5a784574e478b97796.pdf",2020-10-03,40,2020,"ea10486a906cda5a784574e478b97796","lassa_sitrep_2020_w40_20201003.pdf",FALSE,TRUE,1174364,NA,6,TRUE,40,2020,4,"Table 3. Weekly and Cumulative number of suspected and confirmed cases for 2020",FALSE,"ea10486a906cda5a784574e478b97796",NA,"data/sitreps/png/lassa_sitrep_2020_w40_20201003_table3.png","data/sitreps/png/lassa_sitrep_2020_w40_20201003_extract.png"
306,"An update of Lassa fever outbreak in Nigeria for Week 41","10 October 2020","An update of Lassa fever outbreak in Nigeria_101020_41.pdf","https://ncdc.gov.ng/themes/common/files/sitreps/9345550e94fde0e82a59890a629f337f.pdf",2020-10-10,41,2020,"9345550e94fde0e82a59890a629f337f","lassa_sitrep_2020_w41_20201010.pdf",FALSE,TRUE,1171591,NA,6,TRUE,41,2020,4,"Table 3. Weekly and Cumulative number of suspected and confirmed cases for 2020",FALSE,"9345550e94fde0e82a59890a629f337f",NA,"data/sitreps/png/lassa_sitrep_2020_w41_20201010_table3.png","data/sitreps/png/lassa_sitrep_2020_w41_20201010_extract.png"
305,"An update of Lassa fever outbreak in Nigeria for Week 42","17 October 2020","An update of Lassa fever outbreak in Nigeria_171020_42.pdf","https://ncdc.gov.ng/themes/common/files/sitreps/54ae59992d41e817b2bc8cfc8a906f60.pdf",2020-10-17,42,2020,"54ae59992d41e817b2bc8cfc8a906f60","lassa_sitrep_2020_w42_20201017.pdf",FALSE,TRUE,2740346,NA,6,TRUE,42,2020,4,"(assumed: page 4, caption not readable)",FALSE,"54ae59992d41e817b2bc8cfc8a906f60",NA,"data/sitreps/png/lassa_sitrep_2020_w42_20201017_table3.png","data/sitreps/png/lassa_sitrep_2020_w42_20201017_extract.png"
304,"An update of Lassa fever outbreak in Nigeria for Week 43","24 October 2020","An update of Lassa fever outbreak in Nigeria_241020_43.pdf","https://ncdc.gov.ng/themes/common/files/sitreps/72d8e54d9457c0c9c1ad4898afc4d9b2.pdf",2020-10-24,43,2020,"72d8e54d9457c0c9c1ad4898afc4d9b2","lassa_sitrep_2020_w43_20201024.pdf",FALSE,TRUE,2727708,NA,6,TRUE,43,2020,4,"(assumed: page 4, caption not readable)",FALSE,"72d8e54d9457c0c9c1ad4898afc4d9b2",NA,"data/sitreps/png/lassa_sitrep_2020_w43_20201024_table3.png","data/sitreps/png/lassa_sitrep_2020_w43_20201024_extract.png"
303,"An update of Lassa fever outbreak in Nigeria for Week 44","31 October 2020","An update of Lassa fever outbreak in Nigeria_311020_44.pdf","https://ncdc.gov.ng/themes/common/files/sitreps/8f6f7620f80b00174b33141eafe06708.pdf",2020-10-31,44,2020,"8f6f7620f80b00174b33141eafe06708","lassa_sitrep_2020_w44_20201031.pdf",FALSE,TRUE,1176029,NA,6,TRUE,44,2020,4,"Table 3. Weekly and Cumulative number of suspected and confirmed cases for 2020",FALSE,"8f6f7620f80b00174b33141eafe06708",NA,"data/sitreps/png/lassa_sitrep_2020_w44_20201031_table3.png","data/sitreps/png/lassa_sitrep_2020_w44_20201031_extract.png"
302,"An update of Lassa fever outbreak in Nigeria for Week 45","07 November 2020","An update of Lassa fever outbreak in Nigeria_071120_45.pdf","https://ncdc.gov.ng/themes/common/files/sitreps/d4dcd9dba6982e0a7585210a08a080b1.pdf",2020-11-07,45,2020,"d4dcd9dba6982e0a7585210a08a080b1","lassa_sitrep_2020_w45_20201107.pdf",FALSE,TRUE,1175293,NA,6,TRUE,45,2020,4,"Table 3. Weekly and Cumulative number of suspected and confirmed cases for 2020",FALSE,"d4dcd9dba6982e0a7585210a08a080b1",NA,"data/sitreps/png/lassa_sitrep_2020_w45_20201107_table3.png","data/sitreps/png/lassa_sitrep_2020_w45_20201107_extract.png"
301,"An update of Lassa fever outbreak in Nigeria for Week 46","14 November 2020","An update of Lassa fever outbreak in Nigeria_141120_46.pdf","https://ncdc.gov.ng/themes/common/files/sitreps/dd9b1eae3ebccc3e8ed1e661714e64bb.pdf",2020-11-14,46,2020,"dd9b1eae3ebccc3e8ed1e661714e64bb","lassa_sitrep_2020_w46_20201114.pdf",FALSE,TRUE,1210674,NA,6,TRUE,46,2020,4,"Table 3. Weekly and Cumulative number of suspected and confirmed cases for 2020",FALSE,"dd9b1eae3ebccc3e8ed1e661714e64bb",NA,"data/sitreps/png/lassa_sitrep_2020_w46_20201114_table3.png","data/sitreps/png/lassa_sitrep_2020_w46_20201114_extract.png"
300,"An update of Lassa fever outbreak in Nigeria for Week 47","21 November 2020","An update of Lassa fever outbreak in Nigeria_211120_47.pdf","https://ncdc.gov.ng/themes/common/files/sitreps/ada51ed1a830ca066835be3c73e044e1.pdf",2020-11-21,47,2020,"ada51ed1a830ca066835be3c73e044e1","lassa_sitrep_2020_w47_20201121.pdf",FALSE,TRUE,1177635,NA,6,TRUE,47,2020,4,"Table 3. Weekly and Cumulative number of suspected and confirmed cases for 2020",FALSE,"ada51ed1a830ca066835be3c73e044e1",NA,"data/sitreps/png/lassa_sitrep_2020_w47_20201121_table3.png","data/sitreps/png/lassa_sitrep_2020_w47_20201121_extract.png"
299,"An update of Lassa fever outbreak in Nigeria for Week 48","28 November 2020","An update of Lassa fever outbreak in Nigeria_281120_48.pdf","https://ncdc.gov.ng/themes/common/files/sitreps/1bc774068e49f60c3bda00326b5212e8.pdf",2020-11-28,48,2020,"1bc774068e49f60c3bda00326b5212e8","lassa_sitrep_2020_w48_20201128.pdf",FALSE,TRUE,1319821,NA,6,TRUE,48,2020,4,"Table 3. Weekly and Cumulative number of suspected and confirmed cases for 2020",FALSE,"1bc774068e49f60c3bda00326b5212e8",NA,"data/sitreps/png/lassa_sitrep_2020_w48_20201128_table3.png","data/sitreps/png/lassa_sitrep_2020_w48_20201128_extract.png"
298,"An update of Lassa fever outbreak in Nigeria for Week 49","05 December 2020","An update of Lassa fever outbreak in Nigeria_051220_49.pdf","https://ncdc.gov.ng/themes/common/files/sitreps/9c78f0a1760b2aa746cba5e57e8a96d3.pdf",2020-12-05,49,2020,"9c78f0a1760b2aa746cba5e57e8a96d3","lassa_sitrep_2020_w49_20201205.pdf",FALSE,TRUE,868746,NA,6,TRUE,49,2020,4,"Table 3. Weekly and Cumulative number of suspected and confirmed cases for 2020",FALSE,"9c78f0a1760b2aa746cba5e57e8a96d3",NA,"data/sitreps/png/lassa_sitrep_2020_w49_20201205_table3.png","data/sitreps/png/lassa_sitrep_2020_w49_20201205_extract.png"
297,"An update of Lassa fever outbreak in Nigeria for Week 50","12 December 2020","An update of Lassa fever outbreak in Nigeria_121220_50.pdf","https://ncdc.gov.ng/themes/common/files/sitreps/9e736ef44109c9befec3c74b5bc65acb.pdf",2020-12-12,50,2020,"9e736ef44109c9befec3c74b5bc65acb","lassa_sitrep_2020_w50_20201212.pdf",FALSE,TRUE,1190186,NA,6,TRUE,50,2020,4,"Table 3. Weekly and Cumulative number of suspected and confirmed cases for 2020",FALSE,"9e736ef44109c9befec3c74b5bc65acb",NA,"data/sitreps/png/lassa_sitrep_2020_w50_20201212_table3.png","data/sitreps/png/lassa_sitrep_2020_w50_20201212_extract.png"
296,"An update of Lassa fever outbreak in Nigeria for Week 51","19 December 2020","An update of Lassa fever outbreak in Nigeria_191220_51.pdf","https://ncdc.gov.ng/themes/common/files/sitreps/37fdd6ca1b9af4eda025c6d77621f974.pdf",2020-12-19,51,2020,"37fdd6ca1b9af4eda025c6d77621f974","lassa_sitrep_2020_w51_20201219.pdf",FALSE,TRUE,870910,NA,6,TRUE,51,2020,4,"Table 3. Weekly and Cumulative number of suspected and confirmed cases for 2020",FALSE,"37fdd6ca1b9af4eda025c6d77621f974",NA,"data/sitreps/png/lassa_sitrep_2020_w51_20201219_table3.png","data/sitreps/png/lassa_sitrep_2020_w51_20201219_extract.png"
295,"An update of Lassa fever outbreak in Nigeria for Week 52","26 December 2020","An update of Lassa fever outbreak in Nigeria_261220_52.pdf","https://ncdc.gov.ng/themes/common/files/sitreps/e9cf6841a83cdfdef7d73200813b9126.pdf",2020-12-26,52,2020,"e9cf6841a83cdfdef7d73200813b9126","lassa_sitrep_2020_w52_20201226.pdf",FALSE,TRUE,851253,NA,6,TRUE,52,2020,4,"Table 3. Weekly and Cumulative number of suspected and confirmed cases for 2020",FALSE,"e9cf6841a83cdfdef7d73200813b9126",NA,"data/sitreps/png/lassa_sitrep_2020_w52_20201226_table3.png","data/sitreps/png/lassa_sitrep_2020_w52_20201226_extract.png"
294,"An update of Lassa fever outbreak in Nigeria for Week 53","31 December 2020","An update of Lassa fever outbreak in Nigeria_311220_53.pdf","https://ncdc.gov.ng/themes/common/files/sitreps/ba1e917c531710377786f683ef4aaec4.pdf",2020-12-31,53,2020,"ba1e917c531710377786f683ef4aaec4","lassa_sitrep_2020_w53_20201231.pdf",FALSE,TRUE,875882,NA,6,TRUE,53,2020,4,"Table 3. Weekly and Cumulative number of suspected and confirmed cases for 2020",FALSE,"ba1e917c531710377786f683ef4aaec4",NA,"data/sitreps/png/lassa_sitrep_2020_w53_20201231_table3.png","data/sitreps/png/lassa_sitrep_2020_w53_20201231_extract.png"
293,"An update of Lassa fever outbreak in Nigeria for Week 1","01 January 2021","An update of Lassa fever outbreak in Nigeria_010121_1.pdf","https://ncdc.gov.ng/themes/common/files/sitreps/a8a7ba608cb9ece9f7ae94f0d82c92ba.pdf",2021-01-01,1,2021,"a8a7ba608cb9ece9f7ae94f0d82c92ba","lassa_sitrep_2021_w01_20210101.pdf",FALSE,TRUE,1117790,NA,6,TRUE,1,2021,4,"Table 3. Weekly and Cumulative number of suspected and confirmed cases for 2021",FALSE,"a8a7ba608cb9ece9f7ae94f0d82c92ba",NA,"data/sitreps/png/lassa_sitrep_2021_w01_20210101_table3.png","data/sitreps/png/lassa_sitrep_2021_w01_20210101_extract.png"
292,"An update of Lassa fever outbreak in Nigeria for Week 2","08 January 2021","An update of Lassa fever outbreak in Nigeria_080121_2.pdf","https://ncdc.gov.ng/themes/common/files/sitreps/08b46a5b29d97b5f05b18b61c86df831.pdf",2021-01-08,2,2021,"08b46a5b29d97b5f05b18b61c86df831","lassa_sitrep_2021_w02_20210108.pdf",FALSE,TRUE,1054720,NA,6,TRUE,2,2021,4,"Table 3. Weekly and Cumulative number of suspected and confirmed cases for 2021",FALSE,"08b46a5b29d97b5f05b18b61c86df831",NA,"data/sitreps/png/lassa_sitrep_2021_w02_20210108_table3.png","data/sitreps/png/lassa_sitrep_2021_w02_20210108_extract.png"
291,"An update of Lassa fever outbreak in Nigeria for Week 3","15 January 2021","An update of Lassa fever outbreak in Nigeria_150121_3.pdf","https://ncdc.gov.ng/themes/common/files/sitreps/33ea6c312866a2f8e4aaddfce6134410.pdf",2021-01-15,3,2021,"33ea6c312866a2f8e4aaddfce6134410","lassa_sitrep_2021_w03_20210115.pdf",FALSE,TRUE,1062823,NA,6,TRUE,3,2021,4,"Table 3. Weekly and Cumulative number of suspected and confirmed cases for 2021",FALSE,"33ea6c312866a2f8e4aaddfce6134410",NA,"data/sitreps/png/lassa_sitrep_2021_w03_20210115_table3.png","data/sitreps/png/lassa_sitrep_2021_w03_20210115_extract.png"
290,"An update of Lassa fever outbreak in Nigeria for Week 4","22 January 2021","An update of Lassa fever outbreak in Nigeria_220121_4.pdf","https://ncdc.gov.ng/themes/common/files/sitreps/3958e99166731cfd156c2b8bd9929d63.pdf",2021-01-22,4,2021,"3958e99166731cfd156c2b8bd9929d63","lassa_sitrep_2021_w04_20210122.pdf",FALSE,TRUE,1011929,NA,6,TRUE,4,2021,4,"Table 3. Weekly and Cumulative number of suspected and confirmed cases for 2021",FALSE,"3958e99166731cfd156c2b8bd9929d63",NA,"data/sitreps/png/lassa_sitrep_2021_w04_20210122_table3.png","data/sitreps/png/lassa_sitrep_2021_w04_20210122_extract.png"
289,"An update of Lassa fever outbreak in Nigeria for Week 5","29 January 2021","An update of Lassa fever outbreak in Nigeria_290121_5.pdf","https://ncdc.gov.ng/themes/common/files/sitreps/70d2d684ecee7f5a1e0da7393c71bc7d.pdf",2021-01-29,5,2021,"70d2d684ecee7f5a1e0da7393c71bc7d","lassa_sitrep_2021_w05_20210129.pdf",FALSE,TRUE,1022225,NA,7,TRUE,5,2021,4,"Table 3. Weekly and Cumulative number of suspected and confirmed cases for 2021",FALSE,"70d2d684ecee7f5a1e0da7393c71bc7d",NA,"data/sitreps/png/lassa_sitrep_2021_w05_20210129_table3.png","data/sitreps/png/lassa_sitrep_2021_w05_20210129_extract.png"
288,"An update of Lassa fever outbreak in Nigeria for Week 6","05 February 2021","An update of Lassa fever outbreak in Nigeria_050221_6.pdf","https://ncdc.gov.ng/themes/common/files/sitreps/371cec74c12cce698b57e8e4ee2d1509.pdf",2021-02-05,6,2021,"371cec74c12cce698b57e8e4ee2d1509","lassa_sitrep_2021_w06_20210205.pdf",FALSE,TRUE,978252,NA,6,TRUE,6,2021,4,"Table 3. Weekly and Cumulative number of suspected and confirmed cases for 2021",FALSE,"371cec74c12cce698b57e8e4ee2d1509",NA,"data/sitreps/png/lassa_sitrep_2021_w06_20210205_table3.png","data/sitreps/png/lassa_sitrep_2021_w06_20210205_extract.png"
287,"An update of Lassa fever outbreak in Nigeria for Week 7","12 February 2021","An update of Lassa fever outbreak in Nigeria_120221_7.pdf","https://ncdc.gov.ng/themes/common/files/sitreps/e9dabfb69df15c83bfefebe6af9ec979.pdf",2021-02-12,7,2021,"e9dabfb69df15c83bfefebe6af9ec979","lassa_sitrep_2021_w07_20210212.pdf",FALSE,TRUE,927311,NA,6,TRUE,7,2021,4,"Table 3. Weekly and Cumulative number of suspected and confirmed cases for 2021",FALSE,"e9dabfb69df15c83bfefebe6af9ec979",NA,"data/sitreps/png/lassa_sitrep_2021_w07_20210212_table3.png","data/sitreps/png/lassa_sitrep_2021_w07_20210212_extract.png"
286,"An update of Lassa fever outbreak in Nigeria for Week 8","19 February 2021","An update of Lassa fever outbreak in Nigeria_190221_8.pdf","https://ncdc.gov.ng/themes/common/files/sitreps/7a08ab0eb126f2bd63b04a8a4b719af7.pdf",2021-02-19,8,2021,"7a08ab0eb126f2bd63b04a8a4b719af7","lassa_sitrep_2021_w08_20210219.pdf",FALSE,TRUE,1027370,NA,6,TRUE,8,2021,4,"Table 3. Weekly and Cumulative number of suspected and confirmed cases for 2021",FALSE,"7a08ab0eb126f2bd63b04a8a4b719af7",NA,"data/sitreps/png/lassa_sitrep_2021_w08_20210219_table3.png","data/sitreps/png/lassa_sitrep_2021_w08_20210219_extract.png"
285,"An update of Lassa fever outbreak in Nigeria for Week 9","26 February 2021","An update of Lassa fever outbreak in Nigeria_260221_9.pdf","https://ncdc.gov.ng/themes/common/files/sitreps/17722edeee231beca8410e1369a2871c.pdf",2021-02-26,9,2021,"17722edeee231beca8410e1369a2871c","lassa_sitrep_2021_w09_20210226.pdf",FALSE,TRUE,1029806,NA,6,TRUE,9,2021,4,"Table 3. Weekly and Cumulative number of suspected and confirmed cases for 2021",FALSE,"17722edeee231beca8410e1369a2871c",NA,"data/sitreps/png/lassa_sitrep_2021_w09_20210226_table3.png","data/sitreps/png/lassa_sitrep_2021_w09_20210226_extract.png"
284,"An update of Lassa fever outbreak in Nigeria for Week 10","05 March 2021","An update of Lassa fever outbreak in Nigeria_050321_10.pdf","https://ncdc.gov.ng/themes/common/files/sitreps/703d197b77c61a7a4bd614176dabc7be.pdf",2021-03-05,10,2021,"703d197b77c61a7a4bd614176dabc7be","lassa_sitrep_2021_w10_20210305.pdf",FALSE,TRUE,1019209,NA,6,TRUE,10,2021,4,"Table 3. Weekly and Cumulative number of suspected and confirmed cases for 2021",FALSE,"703d197b77c61a7a4bd614176dabc7be",NA,"data/sitreps/png/lassa_sitrep_2021_w10_20210305_table3.png","data/sitreps/png/lassa_sitrep_2021_w10_20210305_extract.png"
283,"An update of Lassa fever outbreak in Nigeria for Week 11","12 March 2021","An update of Lassa fever outbreak in Nigeria_120321_11.pdf","https://ncdc.gov.ng/themes/common/files/sitreps/a6406cb25fb59297502e8df9723f1e2d.pdf",2021-03-12,11,2021,"a6406cb25fb59297502e8df9723f1e2d","lassa_sitrep_2021_w11_20210312.pdf",FALSE,TRUE,990083,NA,6,TRUE,11,2021,4,"Table 3. Weekly and Cumulative number of suspected and confirmed cases for 2021",FALSE,"a6406cb25fb59297502e8df9723f1e2d",NA,"data/sitreps/png/lassa_sitrep_2021_w11_20210312_table3.png","data/sitreps/png/lassa_sitrep_2021_w11_20210312_extract.png"
282,"An update of Lassa fever outbreak in Nigeria for Week 12","19 March 2021","An update of Lassa fever outbreak in Nigeria_190321_12.pdf","https://ncdc.gov.ng/themes/common/files/sitreps/ff0ab3eed6171a39c6cc1ac27f4c4e0e.pdf",2021-03-19,12,2021,"ff0ab3eed6171a39c6cc1ac27f4c4e0e","lassa_sitrep_2021_w12_20210319.pdf",FALSE,TRUE,1028544,NA,6,TRUE,12,2021,4,"Table 3. Weekly and Cumulative number of suspected and confirmed cases for 2021",FALSE,"ff0ab3eed6171a39c6cc1ac27f4c4e0e",NA,"data/sitreps/png/lassa_sitrep_2021_w12_20210319_table3.png","data/sitreps/png/lassa_sitrep_2021_w12_20210319_extract.png"
281,"An update of Lassa fever outbreak in Nigeria for Week 13","26 March 2021","An update of Lassa fever outbreak in Nigeria_260321_13.pdf","https://ncdc.gov.ng/themes/common/files/sitreps/6940c4e9aaa5b50c850d06e6e316cd3b.pdf",2021-03-26,13,2021,"6940c4e9aaa5b50c850d06e6e316cd3b","lassa_sitrep_2021_w13_20210326.pdf",FALSE,TRUE,928657,NA,6,TRUE,13,2021,4,"Table 3. Weekly and Cumulative number of suspected and confirmed cases for 2021",FALSE,"6940c4e9aaa5b50c850d06e6e316cd3b",NA,"data/sitreps/png/lassa_sitrep_2021_w13_20210326_table3.png","data/sitreps/png/lassa_sitrep_2021_w13_20210326_extract.png"
280,"An update of Lassa fever outbreak in Nigeria for Week 14","02 April 2021","An update of Lassa fever outbreak in Nigeria_020421_14.pdf","https://ncdc.gov.ng/themes/common/files/sitreps/f70238f6814fb0a9ce3bce722b95d531.pdf",2021-04-02,14,2021,"f70238f6814fb0a9ce3bce722b95d531","lassa_sitrep_2021_w14_20210402.pdf",FALSE,TRUE,5076598,NA,6,TRUE,14,2021,4,"(assumed: page 4, caption not readable)",FALSE,"f70238f6814fb0a9ce3bce722b95d531",NA,"data/sitreps/png/lassa_sitrep_2021_w14_20210402_table3.png","data/sitreps/png/lassa_sitrep_2021_w14_20210402_extract.png"
279,"An update of Lassa fever outbreak in Nigeria for Week 15","09 April 2021","An update of Lassa fever outbreak in Nigeria_090421_15.pdf","https://ncdc.gov.ng/themes/common/files/sitreps/738f70cd711126a22f6b8bfab74c9291.pdf",2021-04-09,15,2021,"738f70cd711126a22f6b8bfab74c9291","lassa_sitrep_2021_w15_20210409.pdf",FALSE,TRUE,967337,NA,6,TRUE,15,2021,4,"Table 3. Weekly and Cumulative number of suspected and confirmed cases for 2021",FALSE,"738f70cd711126a22f6b8bfab74c9291",NA,"data/sitreps/png/lassa_sitrep_2021_w15_20210409_table3.png","data/sitreps/png/lassa_sitrep_2021_w15_20210409_extract.png"
278,"An update of Lassa fever outbreak in Nigeria for Week 16","16 April 2021","An update of Lassa fever outbreak in Nigeria_160421_16.pdf","https://ncdc.gov.ng/themes/common/files/sitreps/36bc7b8fc84d0bd479ff9c32fb4330ce.pdf",2021-04-16,16,2021,"36bc7b8fc84d0bd479ff9c32fb4330ce","lassa_sitrep_2021_w16_20210416.pdf",FALSE,TRUE,939998,NA,6,TRUE,16,2021,4,"Table 3. Weekly and Cumulative number of suspected and confirmed cases for 2021",FALSE,"36bc7b8fc84d0bd479ff9c32fb4330ce",NA,"data/sitreps/png/lassa_sitrep_2021_w16_20210416_table3.png","data/sitreps/png/lassa_sitrep_2021_w16_20210416_extract.png"
277,"An update of Lassa fever outbreak in Nigeria for Week 17","23 April 2021","An update of Lassa fever outbreak in Nigeria_230421_17.pdf","https://ncdc.gov.ng/themes/common/files/sitreps/86f05790ddc7496c9219ac010c43a89d.pdf",2021-04-23,17,2021,"86f05790ddc7496c9219ac010c43a89d","lassa_sitrep_2021_w17_20210423.pdf",FALSE,TRUE,1020657,NA,6,TRUE,17,2021,4,"Table 3. Weekly and Cumulative number of suspected and confirmed cases for 2021",FALSE,"86f05790ddc7496c9219ac010c43a89d",NA,"data/sitreps/png/lassa_sitrep_2021_w17_20210423_table3.png","data/sitreps/png/lassa_sitrep_2021_w17_20210423_extract.png"
276,"An update of Lassa fever outbreak in Nigeria for Week 18","30 April 2021","An update of Lassa fever outbreak in Nigeria_300421_18.pdf","https://ncdc.gov.ng/themes/common/files/sitreps/b8a2ea2b968baa51a33283283541d84d.pdf",2021-04-30,18,2021,"b8a2ea2b968baa51a33283283541d84d","lassa_sitrep_2021_w18_20210430.pdf",FALSE,TRUE,5194510,NA,6,TRUE,18,2021,4,"(assumed: page 4, caption not readable)",FALSE,"b8a2ea2b968baa51a33283283541d84d",NA,"data/sitreps/png/lassa_sitrep_2021_w18_20210430_table3.png","data/sitreps/png/lassa_sitrep_2021_w18_20210430_extract.png"
275,"An update of Lassa fever outbreak in Nigeria for Week 19","07 May 2021","An update of Lassa fever outbreak in Nigeria_070521_19.pdf","https://ncdc.gov.ng/themes/common/files/sitreps/4dc61da14fcfc706685f0745721cd385.pdf",2021-05-07,19,2021,"4dc61da14fcfc706685f0745721cd385","lassa_sitrep_2021_w19_20210507.pdf",FALSE,TRUE,5285115,NA,6,TRUE,19,2021,4,"(assumed: page 4, caption not readable)",FALSE,"4dc61da14fcfc706685f0745721cd385",NA,"data/sitreps/png/lassa_sitrep_2021_w19_20210507_table3.png","data/sitreps/png/lassa_sitrep_2021_w19_20210507_extract.png"
274,"An update of Lassa fever outbreak in Nigeria for Week 20","14 May 2021","An update of Lassa fever outbreak in Nigeria_140521_20.pdf","https://ncdc.gov.ng/themes/common/files/sitreps/869a249757695124454a95d50e65dfde.pdf",2021-05-14,20,2021,"869a249757695124454a95d50e65dfde","lassa_sitrep_2021_w20_20210514.pdf",FALSE,TRUE,5085134,NA,7,TRUE,20,2021,4,"(assumed: page 4, caption not readable)",FALSE,"869a249757695124454a95d50e65dfde",NA,"data/sitreps/png/lassa_sitrep_2021_w20_20210514_table3.png","data/sitreps/png/lassa_sitrep_2021_w20_20210514_extract.png"
273,"An update of Lassa fever outbreak in Nigeria for Week 21","21 May 2021","An update of Lassa fever outbreak in Nigeria_210521_21.pdf","https://ncdc.gov.ng/themes/common/files/sitreps/a7b923c99ae006367d9f66591d8b27de.pdf",2021-05-21,21,2021,"a7b923c99ae006367d9f66591d8b27de","lassa_sitrep_2021_w21_20210521.pdf",FALSE,TRUE,98304,"unreadable pdf",NA,NA,NA,NA,NA,NA,FALSE,"c0a9307e9395869468a182d26fd9934c",NA,NA,NA
272,"An update of Lassa fever outbreak in Nigeria for Week 22","28 May 2021","An update of Lassa fever outbreak in Nigeria_280521_22.pdf","https://ncdc.gov.ng/themes/common/files/sitreps/0b82746f04c2ebc74cc122315d937e5e.pdf",2021-05-28,22,2021,"0b82746f04c2ebc74cc122315d937e5e","lassa_sitrep_2021_w22_20210528.pdf",FALSE,TRUE,4999873,NA,6,TRUE,22,2021,4,"(assumed: page 4, caption not readable)",FALSE,"0b82746f04c2ebc74cc122315d937e5e",NA,"data/sitreps/png/lassa_sitrep_2021_w22_20210528_table3.png","data/sitreps/png/lassa_sitrep_2021_w22_20210528_extract.png"
271,"An update of Lassa fever outbreak in Nigeria for Week 23","04 June 2021","An update of Lassa fever outbreak in Nigeria_040621_23.pdf","https://ncdc.gov.ng/themes/common/files/sitreps/87019bd89c9c725f2689c4cdc2e2cafb.pdf",2021-06-04,23,2021,"87019bd89c9c725f2689c4cdc2e2cafb","lassa_sitrep_2021_w23_20210604.pdf",FALSE,TRUE,114688,"unreadable pdf",NA,NA,NA,NA,NA,NA,FALSE,"0c708ba7dc055269c9336fa02cc2cb6a",NA,NA,NA
270,"An update of Lassa fever outbreak in Nigeria for Week 24","11 June 2021","An update of Lassa fever outbreak in Nigeria_110621_24.pdf","https://ncdc.gov.ng/themes/common/files/sitreps/c961c37b5cf7d7f010f0b991722f89ba.pdf",2021-06-11,24,2021,"c961c37b5cf7d7f010f0b991722f89ba","lassa_sitrep_2021_w24_20210611.pdf",FALSE,FALSE,NA,"HTTP 404 Not Found.",NA,NA,NA,NA,NA,NA,FALSE,NA,NA,NA,NA
269,"An update of Lassa fever outbreak in Nigeria for Week 25","18 June 2021","An update of Lassa fever outbreak in Nigeria_180621_25.pdf","https://ncdc.gov.ng/themes/common/files/sitreps/770af52a25180658cd4a9d38f88cf535.pdf",2021-06-18,25,2021,"770af52a25180658cd4a9d38f88cf535","lassa_sitrep_2021_w25_20210618.pdf",FALSE,TRUE,972714,NA,6,TRUE,25,2021,4,"Table 3. Weekly and Cumulative number of suspected and confirmed cases for 2021",FALSE,"770af52a25180658cd4a9d38f88cf535",NA,"data/sitreps/png/lassa_sitrep_2021_w25_20210618_table3.png","data/sitreps/png/lassa_sitrep_2021_w25_20210618_extract.png"
268,"An update of Lassa fever outbreak in Nigeria for Week 26","25 June 2021","An update of Lassa fever outbreak in Nigeria_250621_26.pdf","https://ncdc.gov.ng/themes/common/files/sitreps/5340117f36d4beccd7b40f333c5ad03c.pdf",2021-06-25,26,2021,"5340117f36d4beccd7b40f333c5ad03c","lassa_sitrep_2021_w26_20210625.pdf",FALSE,TRUE,5032511,NA,6,TRUE,26,2021,4,"(assumed: page 4, caption not readable)",FALSE,"5340117f36d4beccd7b40f333c5ad03c",NA,"data/sitreps/png/lassa_sitrep_2021_w26_20210625_table3.png","data/sitreps/png/lassa_sitrep_2021_w26_20210625_extract.png"
267,"An update of Lassa fever outbreak in Nigeria for Week 27","02 July 2021","An update of Lassa fever outbreak in Nigeria_020721_27.pdf","https://ncdc.gov.ng/themes/common/files/sitreps/a20a6f9546156d1bc24b1105391ab6f0.pdf",2021-07-02,27,2021,"a20a6f9546156d1bc24b1105391ab6f0","lassa_sitrep_2021_w27_20210702.pdf",FALSE,TRUE,5046652,NA,6,TRUE,27,2021,4,"(assumed: page 4, caption not readable)",FALSE,"a20a6f9546156d1bc24b1105391ab6f0",NA,"data/sitreps/png/lassa_sitrep_2021_w27_20210702_table3.png","data/sitreps/png/lassa_sitrep_2021_w27_20210702_extract.png"
266,"An update of Lassa fever outbreak in Nigeria for Week 28","09 July 2021","An update of Lassa fever outbreak in Nigeria_090721_28.pdf","https://ncdc.gov.ng/themes/common/files/sitreps/60b8830aedc16253fc0ae930e19006d2.pdf",2021-07-09,28,2021,"60b8830aedc16253fc0ae930e19006d2","lassa_sitrep_2021_w28_20210709.pdf",FALSE,TRUE,5032430,NA,6,TRUE,28,2020,4,"(assumed: page 4, caption not readable)",FALSE,"60b8830aedc16253fc0ae930e19006d2",NA,"data/sitreps/png/lassa_sitrep_2021_w28_20210709_table3.png","data/sitreps/png/lassa_sitrep_2021_w28_20210709_extract.png"
265,"An update of Lassa fever outbreak in Nigeria for Week 29","16 July 2021","An update of Lassa fever outbreak in Nigeria_160721_29.pdf","https://ncdc.gov.ng/themes/common/files/sitreps/5bfb71f4ee32f0f5d4352ee0fd5df93f.pdf",2021-07-16,29,2021,"5bfb71f4ee32f0f5d4352ee0fd5df93f","lassa_sitrep_2021_w29_20210716.pdf",FALSE,TRUE,5203566,NA,6,TRUE,29,2021,4,"(assumed: page 4, caption not readable)",FALSE,"5bfb71f4ee32f0f5d4352ee0fd5df93f",NA,"data/sitreps/png/lassa_sitrep_2021_w29_20210716_table3.png","data/sitreps/png/lassa_sitrep_2021_w29_20210716_extract.png"
264,"An update of Lassa fever outbreak in Nigeria for Week 30","23 July 2021","An update of Lassa fever outbreak in Nigeria_230721_30.pdf","https://ncdc.gov.ng/themes/common/files/sitreps/9f38d2c5e82aa79398e087b4143967b4.pdf",2021-07-23,30,2021,"9f38d2c5e82aa79398e087b4143967b4","lassa_sitrep_2021_w30_20210723.pdf",FALSE,TRUE,81920,"unreadable pdf",NA,NA,NA,NA,NA,NA,FALSE,"55f4bc8be948385001cf78f8671c31a3",NA,NA,NA
263,"An update of Lassa fever outbreak in Nigeria for Week 31","30 July 2021","An update of Lassa fever outbreak in Nigeria_300721_31.pdf","https://ncdc.gov.ng/themes/common/files/sitreps/5a05b9790d25b163434660508ae387d9.pdf",2021-07-30,31,2021,"5a05b9790d25b163434660508ae387d9","lassa_sitrep_2021_w31_20210730.pdf",FALSE,TRUE,5214797,NA,7,TRUE,31,2021,4,"(assumed: page 4, caption not readable)",FALSE,"5a05b9790d25b163434660508ae387d9",NA,"data/sitreps/png/lassa_sitrep_2021_w31_20210730_table3.png","data/sitreps/png/lassa_sitrep_2021_w31_20210730_extract.png"
262,"An update of Lassa fever outbreak in Nigeria for Week 32","06 August 2021","An update of Lassa fever outbreak in Nigeria_060821_32.pdf","https://ncdc.gov.ng/themes/common/files/sitreps/7c36bfd6b0e250b9366c6425e10dea8d.pdf",2021-08-06,32,2021,"7c36bfd6b0e250b9366c6425e10dea8d","lassa_sitrep_2021_w32_20210806.pdf",FALSE,TRUE,131072,"unreadable pdf",NA,NA,NA,NA,NA,NA,FALSE,"51fc79edee70994c3852a1e6c3a85a8a",NA,NA,NA
261,"An update of Lassa fever outbreak in Nigeria for Week 33","13 August 2021","An update of Lassa fever outbreak in Nigeria_130821_33.pdf","https://ncdc.gov.ng/themes/common/files/sitreps/b2b26b5fba7c670823ef6f8183b8fa89.pdf",2021-08-13,33,2021,"b2b26b5fba7c670823ef6f8183b8fa89","lassa_sitrep_2021_w33_20210813.pdf",FALSE,TRUE,5002429,NA,6,TRUE,33,2020,4,"(assumed: page 4, caption not readable)",FALSE,"b2b26b5fba7c670823ef6f8183b8fa89",NA,"data/sitreps/png/lassa_sitrep_2021_w33_20210813_table3.png","data/sitreps/png/lassa_sitrep_2021_w33_20210813_extract.png"
260,"An update of Lassa fever outbreak in Nigeria for Week 34","20 August 2021","An update of Lassa fever outbreak in Nigeria_200821_34.pdf","https://ncdc.gov.ng/themes/common/files/sitreps/6e94340ea56cffc0bcb29c15518abf02.pdf",2021-08-20,34,2021,"6e94340ea56cffc0bcb29c15518abf02","lassa_sitrep_2021_w34_20210820.pdf",FALSE,TRUE,932393,NA,6,TRUE,33,2021,4,"Table 3. Weekly and Cumulative number of suspected and confirmed cases for 2021",TRUE,"6e94340ea56cffc0bcb29c15518abf02",NA,"data/sitreps/png/lassa_sitrep_2021_w34_20210820_table3.png","data/sitreps/png/lassa_sitrep_2021_w34_20210820_extract.png"
259,"An update of Lassa fever outbreak in Nigeria for Week 35","27 August 2021","An update of Lassa fever outbreak in Nigeria_270821_35.pdf","https://ncdc.gov.ng/themes/common/files/sitreps/6ffc8c649cd99faf470d3ea3b0a1ca33.pdf",2021-08-27,35,2021,"6ffc8c649cd99faf470d3ea3b0a1ca33","lassa_sitrep_2021_w35_20210827.pdf",FALSE,TRUE,963361,NA,6,TRUE,35,2021,4,"Table 3. Weekly and Cumulative number of suspected and confirmed cases for 2021",FALSE,"6ffc8c649cd99faf470d3ea3b0a1ca33",NA,"data/sitreps/png/lassa_sitrep_2021_w35_20210827_table3.png","data/sitreps/png/lassa_sitrep_2021_w35_20210827_extract.png"
258,"An update of Lassa fever outbreak in Nigeria for Week 36","03 September 2021","An update of Lassa fever outbreak in Nigeria_030921_36.pdf","https://ncdc.gov.ng/themes/common/files/sitreps/59cfe717859ae0966137b2272ccec170.pdf",2021-09-03,36,2021,"59cfe717859ae0966137b2272ccec170","lassa_sitrep_2021_w36_20210903.pdf",FALSE,TRUE,915735,NA,6,TRUE,36,2021,4,"Table 3. Weekly and Cumulative number of suspected and confirmed cases for 2021",FALSE,"59cfe717859ae0966137b2272ccec170",NA,"data/sitreps/png/lassa_sitrep_2021_w36_20210903_table3.png","data/sitreps/png/lassa_sitrep_2021_w36_20210903_extract.png"
257,"An update of Lassa fever outbreak in Nigeria for Week 37","10 September 2021","An update of Lassa fever outbreak in Nigeria_100921_37.pdf","https://ncdc.gov.ng/themes/common/files/sitreps/3eb8f2c997c5c7ff632ec4e4c0519fea.pdf",2021-09-10,37,2021,"3eb8f2c997c5c7ff632ec4e4c0519fea","lassa_sitrep_2021_w37_20210910.pdf",FALSE,TRUE,5254422,NA,6,TRUE,37,2020,4,"(assumed: page 4, caption not readable)",FALSE,"3eb8f2c997c5c7ff632ec4e4c0519fea",NA,"data/sitreps/png/lassa_sitrep_2021_w37_20210910_table3.png","data/sitreps/png/lassa_sitrep_2021_w37_20210910_extract.png"
256,"An update of Lassa fever outbreak in Nigeria for Week 38","17 September 2021","An update of Lassa fever outbreak in Nigeria_170921_38.pdf","https://ncdc.gov.ng/themes/common/files/sitreps/15c7cc4764d8efea1f3fef58b5921072.pdf",2021-09-17,38,2021,"15c7cc4764d8efea1f3fef58b5921072","lassa_sitrep_2021_w38_20210917.pdf",FALSE,TRUE,4935481,NA,6,TRUE,38,2020,4,"(assumed: page 4, caption not readable)",FALSE,"15c7cc4764d8efea1f3fef58b5921072",NA,"data/sitreps/png/lassa_sitrep_2021_w38_20210917_table3.png","data/sitreps/png/lassa_sitrep_2021_w38_20210917_extract.png"
255,"An update of Lassa fever outbreak in Nigeria for Week 39","24 September 2021","An update of Lassa fever outbreak in Nigeria_240921_39.pdf","https://ncdc.gov.ng/themes/common/files/sitreps/842332eefa12f791b84fa44bc0f5e875.pdf",2021-09-24,39,2021,"842332eefa12f791b84fa44bc0f5e875","lassa_sitrep_2021_w39_20210924.pdf",FALSE,TRUE,988363,NA,6,TRUE,39,2021,4,"Table 3. Weekly and Cumulative number of suspected and confirmed cases for 2021",FALSE,"842332eefa12f791b84fa44bc0f5e875",NA,"data/sitreps/png/lassa_sitrep_2021_w39_20210924_table3.png","data/sitreps/png/lassa_sitrep_2021_w39_20210924_extract.png"
254,"An update of Lassa fever outbreak in Nigeria for Week 40","01 October 2021","An update of Lassa fever outbreak in Nigeria_011021_40.pdf","https://ncdc.gov.ng/themes/common/files/sitreps/cbd34c7bf9d6fb332ea3f7362323a756.pdf",2021-10-01,40,2021,"cbd34c7bf9d6fb332ea3f7362323a756","lassa_sitrep_2021_w40_20211001.pdf",FALSE,TRUE,4957087,NA,6,TRUE,40,2020,4,"(assumed: page 4, caption not readable)",FALSE,"cbd34c7bf9d6fb332ea3f7362323a756",NA,"data/sitreps/png/lassa_sitrep_2021_w40_20211001_table3.png","data/sitreps/png/lassa_sitrep_2021_w40_20211001_extract.png"
253,"An update of Lassa fever outbreak in Nigeria for Week 41","08 October 2021","An update of Lassa fever outbreak in Nigeria_081021_41.pdf","https://ncdc.gov.ng/themes/common/files/sitreps/13ae2c131dd867209196c070fc4af733.pdf",2021-10-08,41,2021,"13ae2c131dd867209196c070fc4af733","lassa_sitrep_2021_w41_20211008.pdf",FALSE,TRUE,5038066,NA,6,TRUE,41,2020,4,"(assumed: page 4, caption not readable)",FALSE,"13ae2c131dd867209196c070fc4af733",NA,"data/sitreps/png/lassa_sitrep_2021_w41_20211008_table3.png","data/sitreps/png/lassa_sitrep_2021_w41_20211008_extract.png"
252,"An update of Lassa fever outbreak in Nigeria for Week 42","15 October 2021","An update of Lassa fever outbreak in Nigeria_151021_42.pdf","https://ncdc.gov.ng/themes/common/files/sitreps/2681e244b622d5ff9173a780f58c27f8.pdf",2021-10-15,42,2021,"2681e244b622d5ff9173a780f58c27f8","lassa_sitrep_2021_w42_20211015.pdf",FALSE,TRUE,1842384,NA,7,TRUE,42,2021,4,"Table 3. Weekly and Cumulative number of suspected and confirmed cases for 2021",FALSE,"2681e244b622d5ff9173a780f58c27f8",NA,"data/sitreps/png/lassa_sitrep_2021_w42_20211015_table3.png","data/sitreps/png/lassa_sitrep_2021_w42_20211015_extract.png"
251,"An update of Lassa fever outbreak in Nigeria for Week 43","22 October 2021","An update of Lassa fever outbreak in Nigeria_221021_43.pdf","https://ncdc.gov.ng/themes/common/files/sitreps/469e2d9cec4485f287ae3c191858b8cc.pdf",2021-10-22,43,2021,"469e2d9cec4485f287ae3c191858b8cc","lassa_sitrep_2021_w43_20211022.pdf",FALSE,TRUE,4986715,NA,7,TRUE,43,2020,4,"(assumed: page 4, caption not readable)",FALSE,"469e2d9cec4485f287ae3c191858b8cc",NA,"data/sitreps/png/lassa_sitrep_2021_w43_20211022_table3.png","data/sitreps/png/lassa_sitrep_2021_w43_20211022_extract.png"
250,"An update of Lassa fever outbreak in Nigeria for Week 44","29 October 2021","An update of Lassa fever outbreak in Nigeria_291021_44.pdf","https://ncdc.gov.ng/themes/common/files/sitreps/1fea6bf7eb076c245ec38fec672d29dc.pdf",2021-10-29,44,2021,"1fea6bf7eb076c245ec38fec672d29dc","lassa_sitrep_2021_w44_20211029.pdf",FALSE,TRUE,5265589,NA,7,TRUE,44,2020,4,"(assumed: page 4, caption not readable)",FALSE,"1fea6bf7eb076c245ec38fec672d29dc",NA,"data/sitreps/png/lassa_sitrep_2021_w44_20211029_table3.png","data/sitreps/png/lassa_sitrep_2021_w44_20211029_extract.png"
249,"An update of Lassa fever outbreak in Nigeria for Week 45","06 November 2021","An update of Lassa fever outbreak in Nigeria_061121_45.pdf","https://ncdc.gov.ng/themes/common/files/sitreps/20e9c6641d1eb4956574a780687caf0f.pdf",2021-11-06,45,2021,"20e9c6641d1eb4956574a780687caf0f","lassa_sitrep_2021_w45_20211106.pdf",FALSE,TRUE,5281490,NA,7,TRUE,45,2020,4,"(assumed: page 4, caption not readable)",FALSE,"20e9c6641d1eb4956574a780687caf0f",NA,"data/sitreps/png/lassa_sitrep_2021_w45_20211106_table3.png","data/sitreps/png/lassa_sitrep_2021_w45_20211106_extract.png"
248,"An update of Lassa fever outbreak in Nigeria for Week 46","13 November 2021","An update of Lassa fever outbreak in Nigeria_131121_46.pdf","https://ncdc.gov.ng/themes/common/files/sitreps/d84af391adcdb747f89ba1fe64c86afe.pdf",2021-11-13,46,2021,"d84af391adcdb747f89ba1fe64c86afe","lassa_sitrep_2021_w46_20211113.pdf",FALSE,TRUE,5279711,NA,7,TRUE,46,2020,4,"(assumed: page 4, caption not readable)",FALSE,"d84af391adcdb747f89ba1fe64c86afe",NA,"data/sitreps/png/lassa_sitrep_2021_w46_20211113_table3.png","data/sitreps/png/lassa_sitrep_2021_w46_20211113_extract.png"
247,"An update of Lassa fever outbreak in Nigeria for Week 47","20 November 2021","An update of Lassa fever outbreak in Nigeria_201121_47.pdf","https://ncdc.gov.ng/themes/common/files/sitreps/4e35452c7f16da3d92ad591c6505b2b1.pdf",2021-11-20,47,2021,"4e35452c7f16da3d92ad591c6505b2b1","lassa_sitrep_2021_w47_20211120.pdf",FALSE,TRUE,5275439,NA,6,TRUE,47,2020,4,"(assumed: page 4, caption not readable)",FALSE,"4e35452c7f16da3d92ad591c6505b2b1",NA,"data/sitreps/png/lassa_sitrep_2021_w47_20211120_table3.png","data/sitreps/png/lassa_sitrep_2021_w47_20211120_extract.png"
246,"An update of Lassa fever outbreak in Nigeria for Week 48","27 November 2021","An update of Lassa fever outbreak in Nigeria_271121_48.pdf","https://ncdc.gov.ng/themes/common/files/sitreps/6bf5926f7a053012a5ccf9ce2221107f.pdf",2021-11-27,48,2021,"6bf5926f7a053012a5ccf9ce2221107f","lassa_sitrep_2021_w48_20211127.pdf",FALSE,TRUE,5181070,NA,7,TRUE,48,2020,4,"(assumed: page 4, caption not readable)",FALSE,"6bf5926f7a053012a5ccf9ce2221107f",NA,"data/sitreps/png/lassa_sitrep_2021_w48_20211127_table3.png","data/sitreps/png/lassa_sitrep_2021_w48_20211127_extract.png"
245,"An update of Lassa fever outbreak in Nigeria for Week 49","04 December 2021","An update of Lassa fever outbreak in Nigeria_041221_49.pdf","https://ncdc.gov.ng/themes/common/files/sitreps/54f1969b2dcafe3ee2e81f0a6fad1a55.pdf",2021-12-04,49,2021,"54f1969b2dcafe3ee2e81f0a6fad1a55","lassa_sitrep_2021_w49_20211204.pdf",FALSE,TRUE,5121706,NA,7,TRUE,49,2020,4,"(assumed: page 4, caption not readable)",FALSE,"54f1969b2dcafe3ee2e81f0a6fad1a55",NA,"data/sitreps/png/lassa_sitrep_2021_w49_20211204_table3.png","data/sitreps/png/lassa_sitrep_2021_w49_20211204_extract.png"
244,"An update of Lassa fever outbreak in Nigeria for Week 50","11 December 2021","An update of Lassa fever outbreak in Nigeria_111221_50.pdf","https://ncdc.gov.ng/themes/common/files/sitreps/54f285bdd8e7a0370151c2ff9332c30a.pdf",2021-12-11,50,2021,"54f285bdd8e7a0370151c2ff9332c30a","lassa_sitrep_2021_w50_20211211.pdf",FALSE,TRUE,5282416,NA,7,TRUE,50,2020,4,"(assumed: page 4, caption not readable)",FALSE,"54f285bdd8e7a0370151c2ff9332c30a",NA,"data/sitreps/png/lassa_sitrep_2021_w50_20211211_table3.png","data/sitreps/png/lassa_sitrep_2021_w50_20211211_extract.png"
243,"An update of Lassa fever outbreak in Nigeria for Week 51","18 December 2021","An update of Lassa fever outbreak in Nigeria_181221_51.pdf","https://ncdc.gov.ng/themes/common/files/sitreps/42501f0b7d06dc98ca661f6b7d6b2475.pdf",2021-12-18,51,2021,"42501f0b7d06dc98ca661f6b7d6b2475","lassa_sitrep_2021_w51_20211218.pdf",FALSE,TRUE,5267731,NA,6,TRUE,51,2020,4,"(assumed: page 4, caption not readable)",FALSE,"42501f0b7d06dc98ca661f6b7d6b2475",NA,"data/sitreps/png/lassa_sitrep_2021_w51_20211218_table3.png","data/sitreps/png/lassa_sitrep_2021_w51_20211218_extract.png"
242,"An update of Lassa fever outbreak in Nigeria for Week 52","25 December 2021","An update of Lassa fever outbreak in Nigeria_251221_52.pdf","https://ncdc.gov.ng/themes/common/files/sitreps/65ad32fe92ed2be30726b44e99204790.pdf",2021-12-25,52,2021,"65ad32fe92ed2be30726b44e99204790","lassa_sitrep_2021_w52_20211225.pdf",FALSE,TRUE,5220473,NA,6,TRUE,52,2021,4,"(assumed: page 4, caption not readable)",FALSE,"65ad32fe92ed2be30726b44e99204790",NA,"data/sitreps/png/lassa_sitrep_2021_w52_20211225_table3.png","data/sitreps/png/lassa_sitrep_2021_w52_20211225_extract.png"
241,"An update of Lassa fever outbreak in Nigeria for Week 1","01 January 2022","An update of Lassa fever outbreak in Nigeria_010122_1.pdf","https://ncdc.gov.ng/themes/common/files/sitreps/5bb9bd8253ba7a0e5bfeba65745aa4d0.pdf",2022-01-01,1,2022,"5bb9bd8253ba7a0e5bfeba65745aa4d0","lassa_sitrep_2022_w01_20220101.pdf",FALSE,TRUE,842713,NA,6,TRUE,1,2022,4,"Table 3. Weekly and Cumulative number of suspected and confirmed cases for 2021",FALSE,"5bb9bd8253ba7a0e5bfeba65745aa4d0",NA,"data/sitreps/png/lassa_sitrep_2022_w01_20220101_table3.png","data/sitreps/png/lassa_sitrep_2022_w01_20220101_extract.png"
240,"An update of Lassa fever outbreak in Nigeria for Week 2","08 January 2022","An update of Lassa fever outbreak in Nigeria_080122_2.pdf","https://ncdc.gov.ng/themes/common/files/sitreps/6ceb272218282b1f512274b6be61b23f.pdf",2022-01-08,2,2022,"6ceb272218282b1f512274b6be61b23f","lassa_sitrep_2022_w02_20220108.pdf",FALSE,TRUE,5316351,NA,6,TRUE,2,2022,4,"(assumed: page 4, caption not readable)",FALSE,"6ceb272218282b1f512274b6be61b23f",NA,"data/sitreps/png/lassa_sitrep_2022_w02_20220108_table3.png","data/sitreps/png/lassa_sitrep_2022_w02_20220108_extract.png"
239,"An update of Lassa fever outbreak in Nigeria for Week 3","15 January 2022","An update of Lassa fever outbreak in Nigeria_150122_3.pdf","https://ncdc.gov.ng/themes/common/files/sitreps/ca7cbe062e7048afe09abb8f5fb7462e.pdf",2022-01-15,3,2022,"ca7cbe062e7048afe09abb8f5fb7462e","lassa_sitrep_2022_w03_20220115.pdf",FALSE,TRUE,5498138,NA,6,TRUE,3,2022,4,"(assumed: page 4, caption not readable)",FALSE,"ca7cbe062e7048afe09abb8f5fb7462e",NA,"data/sitreps/png/lassa_sitrep_2022_w03_20220115_table3.png","data/sitreps/png/lassa_sitrep_2022_w03_20220115_extract.png"
238,"An update of Lassa fever outbreak in Nigeria for Week 4","22 January 2022","An update of Lassa fever outbreak in Nigeria_220122_4.pdf","https://ncdc.gov.ng/themes/common/files/sitreps/ddab50523c797ce540b709deb3a4f289.pdf",2022-01-22,4,2022,"ddab50523c797ce540b709deb3a4f289","lassa_sitrep_2022_w04_20220122.pdf",FALSE,TRUE,5407127,NA,6,TRUE,4,2022,4,"(assumed: page 4, caption not readable)",FALSE,"ddab50523c797ce540b709deb3a4f289",NA,"data/sitreps/png/lassa_sitrep_2022_w04_20220122_table3.png","data/sitreps/png/lassa_sitrep_2022_w04_20220122_extract.png"
237,"An update of Lassa fever outbreak in Nigeria for Week 5","29 January 2022","An update of Lassa fever outbreak in Nigeria_290122_5.pdf","https://ncdc.gov.ng/themes/common/files/sitreps/fa7461057248c075c33e014c4540e91f.pdf",2022-01-29,5,2022,"fa7461057248c075c33e014c4540e91f","lassa_sitrep_2022_w05_20220129.pdf",FALSE,TRUE,5543257,NA,6,TRUE,5,2022,4,"(assumed: page 4, caption not readable)",FALSE,"fa7461057248c075c33e014c4540e91f",NA,"data/sitreps/png/lassa_sitrep_2022_w05_20220129_table3.png","data/sitreps/png/lassa_sitrep_2022_w05_20220129_extract.png"
236,"An update of Lassa fever outbreak in Nigeria for Week 6","05 February 2022","An update of Lassa fever outbreak in Nigeria_050222_6.pdf","https://ncdc.gov.ng/themes/common/files/sitreps/bcea6619abaf593569774f1fa5857a8f.pdf",2022-02-05,6,2022,"bcea6619abaf593569774f1fa5857a8f","lassa_sitrep_2022_w06_20220205.pdf",FALSE,TRUE,5163924,NA,6,TRUE,6,2022,4,"(assumed: page 4, caption not readable)",FALSE,"bcea6619abaf593569774f1fa5857a8f",NA,"data/sitreps/png/lassa_sitrep_2022_w06_20220205_table3.png","data/sitreps/png/lassa_sitrep_2022_w06_20220205_extract.png"
235,"An update of Lassa fever outbreak in Nigeria for Week 7","12 February 2022","An update of Lassa fever outbreak in Nigeria_120222_7.pdf","https://ncdc.gov.ng/themes/common/files/sitreps/e3b89861533e554cef8f3f74d1b6b456.pdf",2022-02-12,7,2022,"e3b89861533e554cef8f3f74d1b6b456","lassa_sitrep_2022_w07_20220212.pdf",FALSE,TRUE,965981,NA,7,TRUE,7,2022,4,"Table 3. Weekly and Cumulative number of suspected and confirmed cases for 2022",FALSE,"e3b89861533e554cef8f3f74d1b6b456",NA,"data/sitreps/png/lassa_sitrep_2022_w07_20220212_table3.png","data/sitreps/png/lassa_sitrep_2022_w07_20220212_extract.png"
234,"An update of Lassa fever outbreak in Nigeria for Week 8","19 February 2022","An update of Lassa fever outbreak in Nigeria_190222_8.pdf","https://ncdc.gov.ng/themes/common/files/sitreps/711214a3a9e201ae1f3c367f74092238.pdf",2022-02-19,8,2022,"711214a3a9e201ae1f3c367f74092238","lassa_sitrep_2022_w08_20220219.pdf",FALSE,TRUE,5363393,NA,7,TRUE,8,2022,4,"(assumed: page 4, caption not readable)",FALSE,"711214a3a9e201ae1f3c367f74092238",NA,"data/sitreps/png/lassa_sitrep_2022_w08_20220219_table3.png","data/sitreps/png/lassa_sitrep_2022_w08_20220219_extract.png"
233,"An update of Lassa fever outbreak in Nigeria for Week 9","26 February 2022","An update of Lassa fever outbreak in Nigeria_260222_9.pdf","https://ncdc.gov.ng/themes/common/files/sitreps/f986fad8eefe455bafe36a09ba9ff91a.pdf",2022-02-26,9,2022,"f986fad8eefe455bafe36a09ba9ff91a","lassa_sitrep_2022_w09_20220226.pdf",FALSE,TRUE,5428977,NA,7,TRUE,9,2022,4,"(assumed: page 4, caption not readable)",FALSE,"f986fad8eefe455bafe36a09ba9ff91a",NA,"data/sitreps/png/lassa_sitrep_2022_w09_20220226_table3.png","data/sitreps/png/lassa_sitrep_2022_w09_20220226_extract.png"
232,"An update of Lassa fever outbreak in Nigeria for Week 10","05 March 2022","An update of Lassa fever outbreak in Nigeria_050322_10.pdf","https://ncdc.gov.ng/themes/common/files/sitreps/6c4c9312fe78b9acceb99139dd9a3101.pdf",2022-03-05,10,2022,"6c4c9312fe78b9acceb99139dd9a3101","lassa_sitrep_2022_w10_20220305.pdf",FALSE,TRUE,5514916,NA,7,TRUE,10,2022,4,"(assumed: page 4, caption not readable)",FALSE,"6c4c9312fe78b9acceb99139dd9a3101",NA,"data/sitreps/png/lassa_sitrep_2022_w10_20220305_table3.png","data/sitreps/png/lassa_sitrep_2022_w10_20220305_extract.png"
231,"An update of Lassa fever outbreak in Nigeria for Week 11","12 March 2022","An update of Lassa fever outbreak in Nigeria_120322_11.pdf","https://ncdc.gov.ng/themes/common/files/sitreps/f47cdf05593b9a0bb951f08e03c57aab.pdf",2022-03-12,11,2022,"f47cdf05593b9a0bb951f08e03c57aab","lassa_sitrep_2022_w11_20220312.pdf",FALSE,TRUE,5157358,NA,7,TRUE,11,2022,4,"(assumed: page 4, caption not readable)",FALSE,"f47cdf05593b9a0bb951f08e03c57aab",NA,"data/sitreps/png/lassa_sitrep_2022_w11_20220312_table3.png","data/sitreps/png/lassa_sitrep_2022_w11_20220312_extract.png"
230,"An update of Lassa fever outbreak in Nigeria for Week 12","19 March 2022","An update of Lassa fever outbreak in Nigeria_190322_12.pdf","https://ncdc.gov.ng/themes/common/files/sitreps/9a7fc3d8d318ec2f2d4af3e6cd5a5fd2.pdf",2022-03-19,12,2022,"9a7fc3d8d318ec2f2d4af3e6cd5a5fd2","lassa_sitrep_2022_w12_20220319.pdf",FALSE,TRUE,5292537,NA,7,TRUE,12,2022,4,"(assumed: page 4, caption not readable)",FALSE,"9a7fc3d8d318ec2f2d4af3e6cd5a5fd2",NA,"data/sitreps/png/lassa_sitrep_2022_w12_20220319_table3.png","data/sitreps/png/lassa_sitrep_2022_w12_20220319_extract.png"
229,"An update of Lassa fever outbreak in Nigeria for Week 13","26 March 2022","An update of Lassa fever outbreak in Nigeria_260322_13.pdf","https://ncdc.gov.ng/themes/common/files/sitreps/5bac5affb8c29a495fa1e8dd39e16862.pdf",2022-03-26,13,2022,"5bac5affb8c29a495fa1e8dd39e16862","lassa_sitrep_2022_w13_20220326.pdf",FALSE,TRUE,1092738,NA,7,TRUE,13,2022,4,"Table 3. Weekly and Cumulative number of suspected and confirmed cases for 2022",FALSE,"5bac5affb8c29a495fa1e8dd39e16862",NA,"data/sitreps/png/lassa_sitrep_2022_w13_20220326_table3.png","data/sitreps/png/lassa_sitrep_2022_w13_20220326_extract.png"
228,"An update of Lassa fever outbreak in Nigeria for Week 14","02 April 2022","An update of Lassa fever outbreak in Nigeria_020422_14.pdf","https://ncdc.gov.ng/themes/common/files/sitreps/c8f7e872450de073e7c2fa77f3d6ad98.pdf",2022-04-02,14,2022,"c8f7e872450de073e7c2fa77f3d6ad98","lassa_sitrep_2022_w14_20220402.pdf",FALSE,TRUE,370678,NA,9,TRUE,14,2022,5,"Table 3. Weekly and Cumulative number of suspected and confirmed cases for 2022",FALSE,"3bcfa795f7aac8d0feb85fc5d3c8e59f",NA,"data/sitreps/png/lassa_sitrep_2022_w14_20220402_table3.png","data/sitreps/png/lassa_sitrep_2022_w14_20220402_extract.png"
227,"An update of Lassa fever outbreak in Nigeria for Week 15","09 April 2022","An update of Lassa fever outbreak in Nigeria_090422_15.pdf","https://ncdc.gov.ng/themes/common/files/sitreps/7a51cc05fdc15533b15b335b367101f8.pdf",2022-04-09,15,2022,"7a51cc05fdc15533b15b335b367101f8","lassa_sitrep_2022_w15_20220409.pdf",FALSE,TRUE,2899918,NA,7,TRUE,15,2022,4,"(assumed: page 4, caption not readable)",FALSE,"a4dc0c923348e8717246ce51859752a5",NA,"data/sitreps/png/lassa_sitrep_2022_w15_20220409_table3.png","data/sitreps/png/lassa_sitrep_2022_w15_20220409_extract.png"
226,"An update of Lassa fever outbreak in Nigeria for Week 16","16 April 2022","An update of Lassa fever outbreak in Nigeria_160422_16.pdf","https://ncdc.gov.ng/themes/common/files/sitreps/e253c7f64c3f7690ea6ba7d77a1d48c9.pdf",2022-04-16,16,2022,"e253c7f64c3f7690ea6ba7d77a1d48c9","lassa_sitrep_2022_w16_20220416.pdf",FALSE,TRUE,2897138,NA,7,TRUE,16,2022,4,"(assumed: page 4, caption not readable)",FALSE,"e253c7f64c3f7690ea6ba7d77a1d48c9",NA,"data/sitreps/png/lassa_sitrep_2022_w16_20220416_table3.png","data/sitreps/png/lassa_sitrep_2022_w16_20220416_extract.png"
225,"An update of Lassa fever outbreak in Nigeria for Week 17","23 April 2022","An update of Lassa fever outbreak in Nigeria_230422_17.pdf","https://ncdc.gov.ng/themes/common/files/sitreps/73c8fd948a8038b2a1afa2fa30ac820c.pdf",2022-04-23,17,2022,"73c8fd948a8038b2a1afa2fa30ac820c","lassa_sitrep_2022_w17_20220423.pdf",FALSE,TRUE,1064226,NA,7,TRUE,17,2022,4,"Table 3. Weekly and Cumulative number of suspected and confirmed cases for 2022",FALSE,"73c8fd948a8038b2a1afa2fa30ac820c",NA,"data/sitreps/png/lassa_sitrep_2022_w17_20220423_table3.png","data/sitreps/png/lassa_sitrep_2022_w17_20220423_extract.png"
224,"An update of Lassa fever outbreak in Nigeria for Week 18","30 April 2022","An update of Lassa fever outbreak in Nigeria_300422_18.pdf","https://ncdc.gov.ng/themes/common/files/sitreps/9c3298f8ecc3e5de9681a251e321d4c7.pdf",2022-04-30,18,2022,"9c3298f8ecc3e5de9681a251e321d4c7","lassa_sitrep_2022_w18_20220430.pdf",FALSE,TRUE,2908933,NA,7,TRUE,18,2022,4,"(assumed: page 4, caption not readable)",FALSE,"9c3298f8ecc3e5de9681a251e321d4c7",NA,"data/sitreps/png/lassa_sitrep_2022_w18_20220430_table3.png","data/sitreps/png/lassa_sitrep_2022_w18_20220430_extract.png"
223,"An update of Lassa fever outbreak in Nigeria for Week 19","07 May 2022","An update of Lassa fever outbreak in Nigeria_070522_19.pdf","https://ncdc.gov.ng/themes/common/files/sitreps/694c39457e6c2863d393e54b419e76a9.pdf",2022-05-07,19,2022,"694c39457e6c2863d393e54b419e76a9","lassa_sitrep_2022_w19_20220507.pdf",FALSE,TRUE,984822,"unreadable pdf",NA,NA,NA,NA,NA,NA,FALSE,"694c39457e6c2863d393e54b419e76a9",NA,NA,NA
222,"An update of Lassa fever outbreak in Nigeria for Week 20","12 May 2022","An update of Lassa fever outbreak in Nigeria_120522_20.pdf","https://ncdc.gov.ng/themes/common/files/sitreps/e1e22accee2e5c3272b863084821ff16.pdf",2022-05-12,20,2022,"e1e22accee2e5c3272b863084821ff16","lassa_sitrep_2022_w20_20220512.pdf",FALSE,TRUE,1958588,"unreadable pdf",NA,NA,NA,NA,NA,NA,FALSE,"06bfe4e079e4eca2dc35c4eb63f4b4e7",NA,NA,NA
221,"An update of Lassa fever outbreak in Nigeria for Week 21","19 May 2022","An update of Lassa fever outbreak in Nigeria_190522_21.pdf","https://ncdc.gov.ng/themes/common/files/sitreps/6ce166b15bffc6986d356448d48d6a34.pdf",2022-05-19,21,2022,"6ce166b15bffc6986d356448d48d6a34","lassa_sitrep_2022_w21_20220519.pdf",FALSE,FALSE,NA,"HTTP 404 Not Found.",NA,NA,NA,NA,NA,NA,FALSE,NA,NA,NA,NA
220,"An update of Lassa fever outbreak in Nigeria for Week 23","02 June 2022","An update of Lassa fever outbreak in Nigeria_020622_23.pdf","https://ncdc.gov.ng/themes/common/files/sitreps/415ea980abafa9fb2547cbcd0362004e.pdf",2022-06-02,23,2022,"415ea980abafa9fb2547cbcd0362004e","lassa_sitrep_2022_w23_20220602.pdf",FALSE,TRUE,1202348,NA,6,TRUE,18,2022,4,"(assumed: page 4, caption not readable)",TRUE,"256cbb3ad4f83719368b84b4a43921f4",NA,"data/sitreps/png/lassa_sitrep_2022_w23_20220602_table3.png","data/sitreps/png/lassa_sitrep_2022_w23_20220602_extract.png"
219,"An update of Lassa fever outbreak in Nigeria for Week 24","09 June 2022","An update of Lassa fever outbreak in Nigeria_090622_24.pdf","https://ncdc.gov.ng/themes/common/files/sitreps/317f89c26656c4b549e07e84a720db5b.pdf",2022-06-09,24,2022,"317f89c26656c4b549e07e84a720db5b","lassa_sitrep_2022_w24_20220609.pdf",FALSE,TRUE,2657122,NA,7,TRUE,24,2022,4,"Table 3. Weekly and Cumulative number of suspected and confirmed cases for 2022",FALSE,"317f89c26656c4b549e07e84a720db5b",NA,"data/sitreps/png/lassa_sitrep_2022_w24_20220609_table3.png","data/sitreps/png/lassa_sitrep_2022_w24_20220609_extract.png"
218,"An update of Lassa fever outbreak in Nigeria for Week 25","16 June 2022","An update of Lassa fever outbreak in Nigeria_160622_25.pdf","https://ncdc.gov.ng/themes/common/files/sitreps/cf37e8d0a37b3d54d1f71b706d247dbb.pdf",2022-06-16,25,2022,"cf37e8d0a37b3d54d1f71b706d247dbb","lassa_sitrep_2022_w25_20220616.pdf",FALSE,TRUE,1066101,NA,7,TRUE,25,2022,4,"Table 3. Weekly and Cumulative number of suspected and confirmed cases for 2022",FALSE,"cf37e8d0a37b3d54d1f71b706d247dbb",NA,"data/sitreps/png/lassa_sitrep_2022_w25_20220616_table3.png","data/sitreps/png/lassa_sitrep_2022_w25_20220616_extract.png"
217,"An update of Lassa fever outbreak in Nigeria for Week 26","23 June 2022","An update of Lassa fever outbreak in Nigeria_230622_26.pdf","https://ncdc.gov.ng/themes/common/files/sitreps/8151691e1bec02b190fc0cf735251df1.pdf",2022-06-23,26,2022,"8151691e1bec02b190fc0cf735251df1","lassa_sitrep_2022_w26_20220623.pdf",FALSE,TRUE,998275,NA,7,TRUE,26,2022,4,"Table 3. Weekly and Cumulative number of suspected and confirmed cases for 2022",FALSE,"8151691e1bec02b190fc0cf735251df1",NA,"data/sitreps/png/lassa_sitrep_2022_w26_20220623_table3.png","data/sitreps/png/lassa_sitrep_2022_w26_20220623_extract.png"
216,"An update of Lassa fever outbreak in Nigeria for Week 27","30 June 2022","An update of Lassa fever outbreak in Nigeria_300622_27.pdf","https://ncdc.gov.ng/themes/common/files/sitreps/d5f1feb28def636218d9e33d7aaf18da.pdf",2022-06-30,27,2022,"d5f1feb28def636218d9e33d7aaf18da","lassa_sitrep_2022_w27_20220630.pdf",FALSE,TRUE,5378678,NA,7,TRUE,27,2022,4,"Table 3. Weekly and Cumulative number of suspected and confirmed cases for 2022",FALSE,"d5f1feb28def636218d9e33d7aaf18da",NA,"data/sitreps/png/lassa_sitrep_2022_w27_20220630_table3.png","data/sitreps/png/lassa_sitrep_2022_w27_20220630_extract.png"
215,"An update of Lassa fever outbreak in Nigeria for Week 28","07 July 2022","An update of Lassa fever outbreak in Nigeria_070722_28.pdf","https://ncdc.gov.ng/themes/common/files/sitreps/29d6e61a59695a8fbb13ca2c6941f100.pdf",2022-07-07,28,2022,"29d6e61a59695a8fbb13ca2c6941f100","lassa_sitrep_2022_w28_20220707.pdf",FALSE,TRUE,5276974,NA,7,TRUE,28,2022,4,"Table 3. Weekly and Cumulative number of suspected and confirmed cases for 2022",FALSE,"29d6e61a59695a8fbb13ca2c6941f100",NA,"data/sitreps/png/lassa_sitrep_2022_w28_20220707_table3.png","data/sitreps/png/lassa_sitrep_2022_w28_20220707_extract.png"
214,"An update of Lassa fever outbreak in Nigeria for Week 29","14 July 2022","An update of Lassa fever outbreak in Nigeria_140722_29.pdf","https://ncdc.gov.ng/themes/common/files/sitreps/4363618535397c76bb5343c78f732839.pdf",2022-07-14,29,2022,"4363618535397c76bb5343c78f732839","lassa_sitrep_2022_w29_20220714.pdf",FALSE,TRUE,5568606,NA,8,TRUE,29,2022,4,"Table 3. Weekly and Cumulative number of suspected and confirmed cases for 2022",FALSE,"4363618535397c76bb5343c78f732839",NA,"data/sitreps/png/lassa_sitrep_2022_w29_20220714_table3.png","data/sitreps/png/lassa_sitrep_2022_w29_20220714_extract.png"
213,"An update of Lassa fever outbreak in Nigeria for Week 30","21 July 2022","An update of Lassa fever outbreak in Nigeria_210722_30.pdf","https://ncdc.gov.ng/themes/common/files/sitreps/719967b7af84e3a06b4d778d2a2d85de.pdf",2022-07-21,30,2022,"719967b7af84e3a06b4d778d2a2d85de","lassa_sitrep_2022_w30_20220721.pdf",FALSE,TRUE,5512802,NA,7,TRUE,30,2022,4,"Table 3. Weekly and Cumulative number of suspected and confirmed cases for 2022",FALSE,"719967b7af84e3a06b4d778d2a2d85de",NA,"data/sitreps/png/lassa_sitrep_2022_w30_20220721_table3.png","data/sitreps/png/lassa_sitrep_2022_w30_20220721_extract.png"
212,"An update of Lassa fever outbreak in Nigeria for Week 31","28 July 2022","An update of Lassa fever outbreak in Nigeria_280722_31.pdf","https://ncdc.gov.ng/themes/common/files/sitreps/7045e300e240d8f8dde0c80265ca44ca.pdf",2022-07-28,31,2022,"7045e300e240d8f8dde0c80265ca44ca","lassa_sitrep_2022_w31_20220728.pdf",FALSE,TRUE,5155956,NA,7,TRUE,31,2022,4,"Table 3. Weekly and Cumulative number of suspected and confirmed cases for 2022",FALSE,"7045e300e240d8f8dde0c80265ca44ca",NA,"data/sitreps/png/lassa_sitrep_2022_w31_20220728_table3.png","data/sitreps/png/lassa_sitrep_2022_w31_20220728_extract.png"
211,"An update of Lassa fever outbreak in Nigeria for Week 32","04 August 2022","An update of Lassa fever outbreak in Nigeria_040822_32.pdf","https://ncdc.gov.ng/themes/common/files/sitreps/6f284222e59d82cc64966cac5e676fac.pdf",2022-08-04,32,2022,"6f284222e59d82cc64966cac5e676fac","lassa_sitrep_2022_w32_20220804.pdf",FALSE,TRUE,1496957,NA,7,TRUE,32,2022,4,"Table 3. Weekly and Cumulative number of suspected and confirmed cases for 2022",FALSE,"6f284222e59d82cc64966cac5e676fac",NA,"data/sitreps/png/lassa_sitrep_2022_w32_20220804_table3.png","data/sitreps/png/lassa_sitrep_2022_w32_20220804_extract.png"
210,"An update of Lassa fever outbreak in Nigeria for Week 33","11 August 2022","An update of Lassa fever outbreak in Nigeria_110822_33.pdf","https://ncdc.gov.ng/themes/common/files/sitreps/fe48059427a8316a8f7eed00c4ae9072.pdf",2022-08-11,33,2022,"fe48059427a8316a8f7eed00c4ae9072","lassa_sitrep_2022_w33_20220811.pdf",FALSE,TRUE,775680,NA,7,TRUE,33,2022,4,"Table 3. Weekly and Cumulative number of suspected and confirmed cases for 2022",FALSE,"fe48059427a8316a8f7eed00c4ae9072",NA,"data/sitreps/png/lassa_sitrep_2022_w33_20220811_table3.png","data/sitreps/png/lassa_sitrep_2022_w33_20220811_extract.png"
209,"An update of Lassa fever outbreak in Nigeria for Week 34","18 August 2022","An update of Lassa fever outbreak in Nigeria_180822_34.pdf","https://ncdc.gov.ng/themes/common/files/sitreps/cb93e03cc45a3f9526a24937d5d7f05f.pdf",2022-08-18,34,2022,"cb93e03cc45a3f9526a24937d5d7f05f","lassa_sitrep_2022_w34_20220818.pdf",FALSE,TRUE,3601620,NA,8,TRUE,34,2022,4,"Table 3. Weekly and Cumulative number of suspected and confirmed cases for 2022",FALSE,"cb93e03cc45a3f9526a24937d5d7f05f",NA,"data/sitreps/png/lassa_sitrep_2022_w34_20220818_table3.png","data/sitreps/png/lassa_sitrep_2022_w34_20220818_extract.png"
208,"An update of Lassa fever outbreak in Nigeria for Week 35","25 August 2022","An update of Lassa fever outbreak in Nigeria_250822_35.pdf","https://ncdc.gov.ng/themes/common/files/sitreps/b09fa34beb6af7734ac9299a0788787f.pdf",2022-08-25,35,2022,"b09fa34beb6af7734ac9299a0788787f","lassa_sitrep_2022_w35_20220825.pdf",FALSE,TRUE,4011125,NA,8,TRUE,35,2022,4,"Table 3. Weekly and Cumulative number of suspected and confirmed cases for 2022",FALSE,"b09fa34beb6af7734ac9299a0788787f",NA,"data/sitreps/png/lassa_sitrep_2022_w35_20220825_table3.png","data/sitreps/png/lassa_sitrep_2022_w35_20220825_extract.png"
207,"An update of Lassa fever outbreak in Nigeria for Week 36","01 September 2022","An update of Lassa fever outbreak in Nigeria_010922_36.pdf","https://ncdc.gov.ng/themes/common/files/sitreps/923449d0b48c877e06a076672f56d13c.pdf",2022-09-01,36,2022,"923449d0b48c877e06a076672f56d13c","lassa_sitrep_2022_w36_20220901.pdf",FALSE,TRUE,4020196,NA,8,TRUE,36,2022,4,"Table 3. Weekly and Cumulative number of suspected and confirmed cases for 2022",FALSE,"923449d0b48c877e06a076672f56d13c",NA,"data/sitreps/png/lassa_sitrep_2022_w36_20220901_table3.png","data/sitreps/png/lassa_sitrep_2022_w36_20220901_extract.png"
206,"An update of Lassa fever outbreak in Nigeria for Week 37","08 September 2022","An update of Lassa fever outbreak in Nigeria_080922_37.pdf","https://ncdc.gov.ng/themes/common/files/sitreps/468f23dd6295bef0b20be899b30c1f48.pdf",2022-09-08,37,2022,"468f23dd6295bef0b20be899b30c1f48","lassa_sitrep_2022_w37_20220908.pdf",FALSE,TRUE,811039,NA,7,TRUE,37,2022,4,"Table 3. Weekly and Cumulative number of suspected and confirmed cases for 2022",FALSE,"468f23dd6295bef0b20be899b30c1f48",NA,"data/sitreps/png/lassa_sitrep_2022_w37_20220908_table3.png","data/sitreps/png/lassa_sitrep_2022_w37_20220908_extract.png"
205,"An update of Lassa fever outbreak in Nigeria for Week 38","15 September 2022","An update of Lassa fever outbreak in Nigeria_150922_38.pdf","https://ncdc.gov.ng/themes/common/files/sitreps/8281ba93277b0158aeb259d7deae41d7.pdf",2022-09-15,38,2022,"8281ba93277b0158aeb259d7deae41d7","lassa_sitrep_2022_w38_20220915.pdf",FALSE,TRUE,4015119,NA,8,TRUE,38,2022,4,"Table 3. Weekly and Cumulative number of suspected and confirmed cases for 2022",FALSE,"8281ba93277b0158aeb259d7deae41d7",NA,"data/sitreps/png/lassa_sitrep_2022_w38_20220915_table3.png","data/sitreps/png/lassa_sitrep_2022_w38_20220915_extract.png"
204,"An update of Lassa fever outbreak in Nigeria for Week 39","22 September 2022","An update of Lassa fever outbreak in Nigeria_220922_39.pdf","https://ncdc.gov.ng/themes/common/files/sitreps/4cf724df697275485b8f5a572f4f68d6.pdf",2022-09-22,39,2022,"4cf724df697275485b8f5a572f4f68d6","lassa_sitrep_2022_w39_20220922.pdf",FALSE,TRUE,852669,NA,7,TRUE,39,2022,4,"Table 3. Weekly and Cumulative number of suspected and confirmed cases for 2022",FALSE,"4cf724df697275485b8f5a572f4f68d6",NA,"data/sitreps/png/lassa_sitrep_2022_w39_20220922_table3.png","data/sitreps/png/lassa_sitrep_2022_w39_20220922_extract.png"
203,"An update of Lassa fever outbreak in Nigeria for Week 40","29 September 2022","An update of Lassa fever outbreak in Nigeria_290922_40.pdf","https://ncdc.gov.ng/themes/common/files/sitreps/d0b0407709bf491fd2c6c96b45ca54f3.pdf",2022-09-29,40,2022,"d0b0407709bf491fd2c6c96b45ca54f3","lassa_sitrep_2022_w40_20220929.pdf",FALSE,TRUE,786278,NA,7,TRUE,40,2022,4,"Table 3. Weekly and Cumulative number of suspected and confirmed cases for 2022",FALSE,"d0b0407709bf491fd2c6c96b45ca54f3",NA,"data/sitreps/png/lassa_sitrep_2022_w40_20220929_table3.png","data/sitreps/png/lassa_sitrep_2022_w40_20220929_extract.png"
202,"An update of Lassa fever outbreak in Nigeria for Week 41","06 October 2022","An update of Lassa fever outbreak in Nigeria_061022_41.pdf","https://ncdc.gov.ng/themes/common/files/sitreps/6656e969beffd967c893a2561c1ce986.pdf",2022-10-06,41,2022,"6656e969beffd967c893a2561c1ce986","lassa_sitrep_2022_w41_20221006.pdf",FALSE,TRUE,784469,NA,7,TRUE,41,2022,4,"Table 3. Weekly and Cumulative number of suspected and confirmed cases for 2022",FALSE,"6656e969beffd967c893a2561c1ce986",NA,"data/sitreps/png/lassa_sitrep_2022_w41_20221006_table3.png","data/sitreps/png/lassa_sitrep_2022_w41_20221006_extract.png"
201,"An update of Lassa fever outbreak in Nigeria for Week 42","13 October 2022","An update of Lassa fever outbreak in Nigeria_131022_42.pdf","https://ncdc.gov.ng/themes/common/files/sitreps/3f8001e5b584fcb8f04f86b7a60e6c2f.pdf",2022-10-13,42,2022,"3f8001e5b584fcb8f04f86b7a60e6c2f","lassa_sitrep_2022_w42_20221013.pdf",FALSE,TRUE,3821398,NA,8,TRUE,42,2022,4,"Table 3. Weekly and Cumulative number of suspected and confirmed cases for 2022",FALSE,"3f8001e5b584fcb8f04f86b7a60e6c2f",NA,"data/sitreps/png/lassa_sitrep_2022_w42_20221013_table3.png","data/sitreps/png/lassa_sitrep_2022_w42_20221013_extract.png"
200,"An update of Lassa fever outbreak in Nigeria for Week 43","20 October 2022","An update of Lassa fever outbreak in Nigeria_201022_43.pdf","https://ncdc.gov.ng/themes/common/files/sitreps/710334ae407a503a56351d3a73b920c0.pdf",2022-10-20,43,2022,"710334ae407a503a56351d3a73b920c0","lassa_sitrep_2022_w43_20221020.pdf",FALSE,TRUE,3913992,NA,7,TRUE,43,2022,4,"Table 3. Weekly and Cumulative number of suspected and confirmed cases for 2022",FALSE,"710334ae407a503a56351d3a73b920c0",NA,"data/sitreps/png/lassa_sitrep_2022_w43_20221020_table3.png","data/sitreps/png/lassa_sitrep_2022_w43_20221020_extract.png"
199,"An update of Lassa fever outbreak in Nigeria for Week 44","27 October 2022","An update of Lassa fever outbreak in Nigeria_271022_44.pdf","https://ncdc.gov.ng/themes/common/files/sitreps/a57f1ae5042f7df5062900925ad193d0.pdf",2022-10-27,44,2022,"a57f1ae5042f7df5062900925ad193d0","lassa_sitrep_2022_w44_20221027.pdf",FALSE,TRUE,841431,NA,7,TRUE,44,2022,4,"Table 3. Weekly and Cumulative number of suspected and confirmed cases for 2022",FALSE,"a57f1ae5042f7df5062900925ad193d0",NA,"data/sitreps/png/lassa_sitrep_2022_w44_20221027_table3.png","data/sitreps/png/lassa_sitrep_2022_w44_20221027_extract.png"
198,"An update of Lassa fever outbreak in Nigeria for Week 45","03 November 2022","An update of Lassa fever outbreak in Nigeria_031122_45.pdf","https://ncdc.gov.ng/themes/common/files/sitreps/bd9ca86748da7c3e9a48442f34101fd0.pdf",2022-11-03,45,2022,"bd9ca86748da7c3e9a48442f34101fd0","lassa_sitrep_2022_w45_20221103.pdf",FALSE,TRUE,3927940,NA,8,TRUE,45,2022,4,"Table 3. Weekly and Cumulative number of suspected and confirmed cases for 2022",FALSE,"28fecb1efb8a4f79ca7f8b29717828ff",NA,"data/sitreps/png/lassa_sitrep_2022_w45_20221103_table3.png","data/sitreps/png/lassa_sitrep_2022_w45_20221103_extract.png"
197,"An update of Lassa fever outbreak in Nigeria for Week 46","10 November 2022","An update of Lassa fever outbreak in Nigeria_101122_46.pdf","https://ncdc.gov.ng/themes/common/files/sitreps/71eb538ce668c9b12aa778b11af04c7e.pdf",2022-11-10,46,2022,"71eb538ce668c9b12aa778b11af04c7e","lassa_sitrep_2022_w46_20221110.pdf",FALSE,TRUE,3918748,NA,7,TRUE,46,2022,4,"Table 3. Weekly and Cumulative number of suspected and confirmed cases for 2022",FALSE,"71eb538ce668c9b12aa778b11af04c7e",NA,"data/sitreps/png/lassa_sitrep_2022_w46_20221110_table3.png","data/sitreps/png/lassa_sitrep_2022_w46_20221110_extract.png"
196,"An update of Lassa fever outbreak in Nigeria for Week 47","17 November 2022","An update of Lassa fever outbreak in Nigeria_171122_47.pdf","https://ncdc.gov.ng/themes/common/files/sitreps/009dce0e9448bfe86551e69fb17bd1af.pdf",2022-11-17,47,2022,"009dce0e9448bfe86551e69fb17bd1af","lassa_sitrep_2022_w47_20221117.pdf",FALSE,TRUE,3897582,NA,7,TRUE,47,2022,4,"Table 3. Weekly and Cumulative number of suspected and confirmed cases for 2022",FALSE,"009dce0e9448bfe86551e69fb17bd1af",NA,"data/sitreps/png/lassa_sitrep_2022_w47_20221117_table3.png","data/sitreps/png/lassa_sitrep_2022_w47_20221117_extract.png"
195,"An update of Lassa fever outbreak in Nigeria for Week 48","24 November 2022","An update of Lassa fever outbreak in Nigeria_241122_48.pdf","https://ncdc.gov.ng/themes/common/files/sitreps/5eadae1fe0222655731887f63de69523.pdf",2022-11-24,48,2022,"5eadae1fe0222655731887f63de69523","lassa_sitrep_2022_w48_20221124.pdf",FALSE,TRUE,4802276,NA,7,TRUE,48,2022,4,"Table 3. Weekly and Cumulative number of suspected and confirmed cases for 2022",FALSE,"af5e3eda307647f4cad9789f9adce2d3",NA,"data/sitreps/png/lassa_sitrep_2022_w48_20221124_table3.png","data/sitreps/png/lassa_sitrep_2022_w48_20221124_extract.png"
194,"An update of Lassa fever outbreak in Nigeria for Week 49","01 December 2022","An update of Lassa fever outbreak in Nigeria_011222_49.pdf","https://ncdc.gov.ng/themes/common/files/sitreps/b21ef7f9dc32b4d2ef08c00f480dd522.pdf",2022-12-01,49,2022,"b21ef7f9dc32b4d2ef08c00f480dd522","lassa_sitrep_2022_w49_20221201.pdf",FALSE,TRUE,974704,NA,7,TRUE,49,2022,4,"Table 3. Weekly and Cumulative number of suspected and confirmed cases for 2022",FALSE,"b21ef7f9dc32b4d2ef08c00f480dd522",NA,"data/sitreps/png/lassa_sitrep_2022_w49_20221201_table3.png","data/sitreps/png/lassa_sitrep_2022_w49_20221201_extract.png"
193,"An update of Lassa fever outbreak in Nigeria for Week 50","08 December 2022","An update of Lassa fever outbreak in Nigeria_081222_50.pdf","https://ncdc.gov.ng/themes/common/files/sitreps/1bffa39cdea17880ccfac3684a1428dc.pdf",2022-12-08,50,2022,"1bffa39cdea17880ccfac3684a1428dc","lassa_sitrep_2022_w50_20221208.pdf",FALSE,TRUE,799063,NA,7,TRUE,50,2022,4,"Table 3. Weekly and Cumulative number of suspected and confirmed cases for 2022",FALSE,"1bffa39cdea17880ccfac3684a1428dc",NA,"data/sitreps/png/lassa_sitrep_2022_w50_20221208_table3.png","data/sitreps/png/lassa_sitrep_2022_w50_20221208_extract.png"
192,"An update of Lassa fever outbreak in Nigeria for Week 51","15 December 2022","An update of Lassa fever outbreak in Nigeria_151222_51.pdf","https://ncdc.gov.ng/themes/common/files/sitreps/dc331668ad9d61ad827bc5a91ea2f39c.pdf",2022-12-15,51,2022,"dc331668ad9d61ad827bc5a91ea2f39c","lassa_sitrep_2022_w51_20221215.pdf",FALSE,TRUE,3923319,NA,7,TRUE,51,2022,4,"Table 3. Weekly and Cumulative number of suspected and confirmed cases for 2022",FALSE,"dc331668ad9d61ad827bc5a91ea2f39c",NA,"data/sitreps/png/lassa_sitrep_2022_w51_20221215_table3.png","data/sitreps/png/lassa_sitrep_2022_w51_20221215_extract.png"
191,"An update of Lassa fever outbreak in Nigeria for Week 52","22 December 2022","An update of Lassa fever outbreak in Nigeria_221222_52.pdf","https://ncdc.gov.ng/themes/common/files/sitreps/2fd923c3f16ae99e0ddbfa1ced8a0ae9.pdf",2022-12-22,52,2022,"2fd923c3f16ae99e0ddbfa1ced8a0ae9","lassa_sitrep_2022_w52_20221222.pdf",FALSE,TRUE,3931844,NA,7,TRUE,52,2022,4,"Table 3. Weekly and Cumulative number of suspected and confirmed cases for 2022",FALSE,"2fd923c3f16ae99e0ddbfa1ced8a0ae9",NA,"data/sitreps/png/lassa_sitrep_2022_w52_20221222_table3.png","data/sitreps/png/lassa_sitrep_2022_w52_20221222_extract.png"
190,"An update of Lassa fever outbreak in Nigeria for Week 53","29 December 2022","An update of Lassa fever outbreak in Nigeria_291222_53.pdf","https://ncdc.gov.ng/themes/common/files/sitreps/45eea750bb8f83e3d8a126e797c12842.pdf",2022-12-29,53,2022,"45eea750bb8f83e3d8a126e797c12842","lassa_sitrep_2022_w53_20221229.pdf",FALSE,TRUE,2571012,NA,7,TRUE,1,2023,4,"Table 3. Weekly and Cumulative number of suspected and confirmed cases for 2022",TRUE,"45eea750bb8f83e3d8a126e797c12842",NA,"data/sitreps/png/lassa_sitrep_2022_w53_20221229_table3.png","data/sitreps/png/lassa_sitrep_2022_w53_20221229_extract.png"
189,"An update of Lassa fever outbreak in Nigeria for Week 2","05 January 2023","An update of Lassa fever outbreak in Nigeria_050123_2.pdf","https://ncdc.gov.ng/themes/common/files/sitreps/2d79b38a9ecd082b8e867e5e31a40a40.pdf",2023-01-05,2,2023,"2d79b38a9ecd082b8e867e5e31a40a40","lassa_sitrep_2023_w02_20230105.pdf",FALSE,TRUE,3891120,NA,6,TRUE,2,2023,4,"Table 3. Weekly and Cumulative number of suspected and confirmed cases for 2023",FALSE,"2d79b38a9ecd082b8e867e5e31a40a40",NA,"data/sitreps/png/lassa_sitrep_2023_w02_20230105_table3.png","data/sitreps/png/lassa_sitrep_2023_w02_20230105_extract.png"
188,"An update of Lassa fever outbreak in Nigeria for Week 3","12 January 2023","An update of Lassa fever outbreak in Nigeria_120123_3.pdf","https://ncdc.gov.ng/themes/common/files/sitreps/ab646e11aa66f5a1c794667c89718fdd.pdf",2023-01-12,3,2023,"ab646e11aa66f5a1c794667c89718fdd","lassa_sitrep_2023_w03_20230112.pdf",FALSE,TRUE,3405925,NA,7,TRUE,3,2023,4,"Table 3. Weekly and Cumulative number of suspected and confirmed cases for 2023",FALSE,"ab646e11aa66f5a1c794667c89718fdd",NA,"data/sitreps/png/lassa_sitrep_2023_w03_20230112_table3.png","data/sitreps/png/lassa_sitrep_2023_w03_20230112_extract.png"
187,"An update of Lassa fever outbreak in Nigeria for Week 4","19 January 2023","An update of Lassa fever outbreak in Nigeria_190123_4.pdf","https://ncdc.gov.ng/themes/common/files/sitreps/6c3b11e786fe10ede1b42106ff55ea6d.pdf",2023-01-19,4,2023,"6c3b11e786fe10ede1b42106ff55ea6d","lassa_sitrep_2023_w04_20230119.pdf",FALSE,TRUE,980974,NA,7,TRUE,4,2023,4,"Table 3. Weekly and Cumulative number of suspected and confirmed cases for 2023",FALSE,"6c3b11e786fe10ede1b42106ff55ea6d",NA,"data/sitreps/png/lassa_sitrep_2023_w04_20230119_table3.png","data/sitreps/png/lassa_sitrep_2023_w04_20230119_extract.png"
186,"An update of Lassa fever outbreak in Nigeria for Week 5","26 January 2023","An update of Lassa fever outbreak in Nigeria_260123_5.pdf","https://ncdc.gov.ng/themes/common/files/sitreps/959315bf2d31dd43de8c76f67126f9b0.pdf",2023-01-26,5,2023,"959315bf2d31dd43de8c76f67126f9b0","lassa_sitrep_2023_w05_20230126.pdf",FALSE,TRUE,1923728,NA,8,TRUE,5,2023,4,"Table 3. Weekly and Cumulative number of suspected and confirmed cases for 2023",FALSE,"60d8851d4349d11a5709c966eea3ca91",NA,"data/sitreps/png/lassa_sitrep_2023_w05_20230126_table3.png","data/sitreps/png/lassa_sitrep_2023_w05_20230126_extract.png"
185,"An update of Lassa fever outbreak in Nigeria for Week 6","02 February 2023","An update of Lassa fever outbreak in Nigeria_020223_6.pdf","https://ncdc.gov.ng/themes/common/files/sitreps/f512710099bce532d2c5161f414dacc3.pdf",2023-02-02,6,2023,"f512710099bce532d2c5161f414dacc3","lassa_sitrep_2023_w06_20230202.pdf",FALSE,TRUE,928674,NA,7,TRUE,6,2023,4,"Table 3. Weekly and Cumulative number of suspected and confirmed cases for 2023",FALSE,"974dfc6b080d6aa579f4ca0a631306ff",NA,"data/sitreps/png/lassa_sitrep_2023_w06_20230202_table3.png","data/sitreps/png/lassa_sitrep_2023_w06_20230202_extract.png"
184,"An update of Lassa fever outbreak in Nigeria for Week 7","09 February 2023","An update of Lassa fever outbreak in Nigeria_090223_7.pdf","https://ncdc.gov.ng/themes/common/files/sitreps/3a3ed0829df82e7efb703382a1a3c0b6.pdf",2023-02-09,7,2023,"3a3ed0829df82e7efb703382a1a3c0b6","lassa_sitrep_2023_w07_20230209.pdf",FALSE,TRUE,938310,NA,7,TRUE,7,2023,4,"Table 3. Weekly and Cumulative number of suspected and confirmed cases for 2023",FALSE,"3a3ed0829df82e7efb703382a1a3c0b6",NA,"data/sitreps/png/lassa_sitrep_2023_w07_20230209_table3.png","data/sitreps/png/lassa_sitrep_2023_w07_20230209_extract.png"
183,"An update of Lassa fever outbreak in Nigeria for Week 8","16 February 2023","An update of Lassa fever outbreak in Nigeria_160223_8.pdf","https://ncdc.gov.ng/themes/common/files/sitreps/97600da5e4608a34ec1ec84419e7bac7.pdf",2023-02-16,8,2023,"97600da5e4608a34ec1ec84419e7bac7","lassa_sitrep_2023_w08_20230216.pdf",FALSE,TRUE,740176,NA,7,TRUE,8,2023,4,"Table 3. Weekly and Cumulative number of suspected and confirmed cases for 2023",FALSE,"97600da5e4608a34ec1ec84419e7bac7",NA,"data/sitreps/png/lassa_sitrep_2023_w08_20230216_table3.png","data/sitreps/png/lassa_sitrep_2023_w08_20230216_extract.png"
182,"An update of Lassa fever outbreak in Nigeria for Week 9","23 February 2023","An update of Lassa fever outbreak in Nigeria_230223_9.pdf","https://ncdc.gov.ng/themes/common/files/sitreps/6423be550b4a48c66cccee2795d6ca5d.pdf",2023-02-23,9,2023,"6423be550b4a48c66cccee2795d6ca5d","lassa_sitrep_2023_w09_20230223.pdf",FALSE,TRUE,929152,NA,7,TRUE,9,2023,4,"Table 3. Weekly and Cumulative number of suspected and confirmed cases for 2023",FALSE,"6423be550b4a48c66cccee2795d6ca5d",NA,"data/sitreps/png/lassa_sitrep_2023_w09_20230223_table3.png","data/sitreps/png/lassa_sitrep_2023_w09_20230223_extract.png"
181,"An update of Lassa fever outbreak in Nigeria for Week 10","02 March 2023","An update of Lassa fever outbreak in Nigeria_020323_10.pdf","https://ncdc.gov.ng/themes/common/files/sitreps/731251db2b8825d8f872d80ff4ca0903.pdf",2023-03-02,10,2023,"731251db2b8825d8f872d80ff4ca0903","lassa_sitrep_2023_w10_20230302.pdf",FALSE,TRUE,947307,NA,7,TRUE,10,2023,4,"Table 3. Weekly and Cumulative number of suspected and confirmed cases for 2023",FALSE,"731251db2b8825d8f872d80ff4ca0903",NA,"data/sitreps/png/lassa_sitrep_2023_w10_20230302_table3.png","data/sitreps/png/lassa_sitrep_2023_w10_20230302_extract.png"
180,"An update of Lassa fever outbreak in Nigeria for Week 11","09 March 2023","An update of Lassa fever outbreak in Nigeria_090323_11.pdf","https://ncdc.gov.ng/themes/common/files/sitreps/d88888f2677c38f673c88c8756bb3ad1.pdf",2023-03-09,11,2023,"d88888f2677c38f673c88c8756bb3ad1","lassa_sitrep_2023_w11_20230309.pdf",FALSE,TRUE,996371,NA,7,TRUE,11,2023,4,"Table 3. Weekly and Cumulative number of suspected and confirmed cases for 2023",FALSE,"d88888f2677c38f673c88c8756bb3ad1",NA,"data/sitreps/png/lassa_sitrep_2023_w11_20230309_table3.png","data/sitreps/png/lassa_sitrep_2023_w11_20230309_extract.png"
179,"An update of Lassa fever outbreak in Nigeria for Week 12","16 March 2023","An update of Lassa fever outbreak in Nigeria_160323_12.pdf","https://ncdc.gov.ng/themes/common/files/sitreps/fd008bee0968c04b1946494d46b08bcd.pdf",2023-03-16,12,2023,"fd008bee0968c04b1946494d46b08bcd","lassa_sitrep_2023_w12_20230316.pdf",FALSE,TRUE,956189,NA,7,TRUE,12,2023,4,"Table 3. Weekly and Cumulative number of suspected and confirmed cases for 2023",FALSE,"fd008bee0968c04b1946494d46b08bcd",NA,"data/sitreps/png/lassa_sitrep_2023_w12_20230316_table3.png","data/sitreps/png/lassa_sitrep_2023_w12_20230316_extract.png"
178,"An update of Lassa fever outbreak in Nigeria for Week 13","23 March 2023","An update of Lassa fever outbreak in Nigeria_230323_13.pdf","https://ncdc.gov.ng/themes/common/files/sitreps/9a69104a01f2d1d2cdc28cb15a91fd18.pdf",2023-03-23,13,2023,"9a69104a01f2d1d2cdc28cb15a91fd18","lassa_sitrep_2023_w13_20230323.pdf",FALSE,TRUE,1819372,NA,7,TRUE,13,2023,4,"Table 3. Weekly and Cumulative number of suspected and confirmed cases for 2023",FALSE,"9a69104a01f2d1d2cdc28cb15a91fd18",NA,"data/sitreps/png/lassa_sitrep_2023_w13_20230323_table3.png","data/sitreps/png/lassa_sitrep_2023_w13_20230323_extract.png"
177,"An update of Lassa fever outbreak in Nigeria for Week 14","30 March 2023","An update of Lassa fever outbreak in Nigeria_300323_14.pdf","https://ncdc.gov.ng/themes/common/files/sitreps/82ab3b38dcfb5e88463d82ffb21b3031.pdf",2023-03-30,14,2023,"82ab3b38dcfb5e88463d82ffb21b3031","lassa_sitrep_2023_w14_20230330.pdf",FALSE,TRUE,938523,NA,7,TRUE,14,2023,4,"Table 3. Weekly and Cumulative number of suspected and confirmed cases for 2023",FALSE,"82ab3b38dcfb5e88463d82ffb21b3031",NA,"data/sitreps/png/lassa_sitrep_2023_w14_20230330_table3.png","data/sitreps/png/lassa_sitrep_2023_w14_20230330_extract.png"
176,"An update of Lassa fever outbreak in Nigeria for Week 15","06 April 2023","An update of Lassa fever outbreak in Nigeria_060423_15.pdf","https://ncdc.gov.ng/themes/common/files/sitreps/95f3bc700a6d5ba35c14a9c70e157cd6.pdf",2023-04-06,15,2023,"95f3bc700a6d5ba35c14a9c70e157cd6","lassa_sitrep_2023_w15_20230406.pdf",FALSE,TRUE,984788,NA,7,TRUE,15,2023,4,"Table 3. Weekly and Cumulative number of suspected and confirmed cases for 2023",FALSE,"95f3bc700a6d5ba35c14a9c70e157cd6",NA,"data/sitreps/png/lassa_sitrep_2023_w15_20230406_table3.png","data/sitreps/png/lassa_sitrep_2023_w15_20230406_extract.png"
175,"An update of Lassa fever outbreak in Nigeria for Week 16","13 April 2023","An update of Lassa fever outbreak in Nigeria_130423_16.pdf","https://ncdc.gov.ng/themes/common/files/sitreps/bfbb797ff3ce8d9fe8faf875957b51b1.pdf",2023-04-13,16,2023,"bfbb797ff3ce8d9fe8faf875957b51b1","lassa_sitrep_2023_w16_20230413.pdf",FALSE,TRUE,3520238,NA,7,TRUE,16,2023,4,"Table 3. Weekly and Cumulative number of suspected and confirmed cases for 2023",FALSE,"bfbb797ff3ce8d9fe8faf875957b51b1",NA,"data/sitreps/png/lassa_sitrep_2023_w16_20230413_table3.png","data/sitreps/png/lassa_sitrep_2023_w16_20230413_extract.png"
174,"An update of Lassa fever outbreak in Nigeria for Week 17","17 April 2023","An update of Lassa fever outbreak in Nigeria_170423_17.pdf","https://ncdc.gov.ng/themes/common/files/sitreps/0312a484c76a7aa1e10d5d0ce2cd603e.pdf",2023-04-17,17,2023,"0312a484c76a7aa1e10d5d0ce2cd603e","lassa_sitrep_2023_w17_20230417.pdf",FALSE,TRUE,3425265,NA,8,TRUE,17,2023,4,"Table 3. Weekly and Cumulative number of suspected and confirmed cases for 2023",FALSE,"0312a484c76a7aa1e10d5d0ce2cd603e",NA,"data/sitreps/png/lassa_sitrep_2023_w17_20230417_table3.png","data/sitreps/png/lassa_sitrep_2023_w17_20230417_extract.png"
173,"An update of Lassa fever outbreak in Nigeria for Week 18","24 April 2023","An update of Lassa fever outbreak in Nigeria_240423_18.pdf","https://ncdc.gov.ng/themes/common/files/sitreps/4d1aa9cc68856d96ac7c9e3cd36ee393.pdf",2023-04-24,18,2023,"4d1aa9cc68856d96ac7c9e3cd36ee393","lassa_sitrep_2023_w18_20230424.pdf",FALSE,TRUE,1053994,NA,7,TRUE,18,2023,4,"Table 3. Weekly and Cumulative number of suspected and confirmed cases for 2023",FALSE,"4d1aa9cc68856d96ac7c9e3cd36ee393",NA,"data/sitreps/png/lassa_sitrep_2023_w18_20230424_table3.png","data/sitreps/png/lassa_sitrep_2023_w18_20230424_extract.png"
172,"An update of Lassa fever outbreak in Nigeria for Week 19","04 May 2023","An update of Lassa fever outbreak in Nigeria_040523_19.pdf","https://ncdc.gov.ng/themes/common/files/sitreps/b4337bd1ae8eaa47d9f793a57ea1d680.pdf",2023-05-04,19,2023,"b4337bd1ae8eaa47d9f793a57ea1d680","lassa_sitrep_2023_w19_20230504.pdf",FALSE,TRUE,1749916,NA,7,TRUE,19,2023,4,"Table 3. Weekly and Cumulative number of suspected and confirmed cases for 2023",FALSE,"b4337bd1ae8eaa47d9f793a57ea1d680",NA,"data/sitreps/png/lassa_sitrep_2023_w19_20230504_table3.png","data/sitreps/png/lassa_sitrep_2023_w19_20230504_extract.png"
171,"An update of Lassa fever outbreak in Nigeria for Week 20","11 May 2023","An update of Lassa fever outbreak in Nigeria_110523_20.pdf","https://ncdc.gov.ng/themes/common/files/sitreps/a7f59aa19043f7f8320fea655f009f52.pdf",2023-05-11,20,2023,"a7f59aa19043f7f8320fea655f009f52","lassa_sitrep_2023_w20_20230511.pdf",FALSE,TRUE,1075948,NA,7,TRUE,20,2023,4,"Table 3. Weekly and Cumulative number of suspected and confirmed cases for 2023",FALSE,"a7f59aa19043f7f8320fea655f009f52",NA,"data/sitreps/png/lassa_sitrep_2023_w20_20230511_table3.png","data/sitreps/png/lassa_sitrep_2023_w20_20230511_extract.png"
170,"An update of Lassa fever outbreak in Nigeria for Week 21","18 May 2023","An update of Lassa fever outbreak in Nigeria_180523_21.pdf","https://ncdc.gov.ng/themes/common/files/sitreps/c0487b15689b6bc1bc3beddaffd34c30.pdf",2023-05-18,21,2023,"c0487b15689b6bc1bc3beddaffd34c30","lassa_sitrep_2023_w21_20230518.pdf",FALSE,TRUE,1050399,NA,7,TRUE,21,2023,4,"Table 3. Weekly and Cumulative number of suspected and confirmed cases for 2023",FALSE,"c0487b15689b6bc1bc3beddaffd34c30",NA,"data/sitreps/png/lassa_sitrep_2023_w21_20230518_table3.png","data/sitreps/png/lassa_sitrep_2023_w21_20230518_extract.png"
169,"An update of Lassa fever outbreak in Nigeria for Week 22","25 May 2023","An update of Lassa fever outbreak in Nigeria_250523_22.pdf","https://ncdc.gov.ng/themes/common/files/sitreps/9e4140dda75e7d4be341e235b7ea16ec.pdf",2023-05-25,22,2023,"9e4140dda75e7d4be341e235b7ea16ec","lassa_sitrep_2023_w22_20230525.pdf",FALSE,TRUE,1028806,NA,7,TRUE,22,2023,4,"Table 3. Weekly and Cumulative number of suspected and confirmed cases for 2023",FALSE,"9e4140dda75e7d4be341e235b7ea16ec",NA,"data/sitreps/png/lassa_sitrep_2023_w22_20230525_table3.png","data/sitreps/png/lassa_sitrep_2023_w22_20230525_extract.png"
168,"An update of Lassa fever outbreak in Nigeria for Week 23","01 June 2023","An update of Lassa fever outbreak in Nigeria_010623_23.pdf","https://ncdc.gov.ng/themes/common/files/sitreps/c95a4f75eb09ae34c2bf9a6ed7bf99b4.pdf",2023-06-01,23,2023,"c95a4f75eb09ae34c2bf9a6ed7bf99b4","lassa_sitrep_2023_w23_20230601.pdf",FALSE,TRUE,784118,NA,7,TRUE,23,2023,4,"Table 3. Weekly and Cumulative number of suspected and confirmed cases for 2023",FALSE,"c95a4f75eb09ae34c2bf9a6ed7bf99b4",NA,"data/sitreps/png/lassa_sitrep_2023_w23_20230601_table3.png","data/sitreps/png/lassa_sitrep_2023_w23_20230601_extract.png"
167,"An update of Lassa fever outbreak in Nigeria for Week 24","08 June 2023","An update of Lassa fever outbreak in Nigeria_080623_24.pdf","https://ncdc.gov.ng/themes/common/files/sitreps/fd6697fe158c9484cde4bed458df2165.pdf",2023-06-08,24,2023,"fd6697fe158c9484cde4bed458df2165","lassa_sitrep_2023_w24_20230608.pdf",FALSE,TRUE,3916819,NA,7,TRUE,24,2023,4,"Table 3. Weekly and Cumulative number of suspected and confirmed cases for 2023",FALSE,"fd6697fe158c9484cde4bed458df2165",NA,"data/sitreps/png/lassa_sitrep_2023_w24_20230608_table3.png","data/sitreps/png/lassa_sitrep_2023_w24_20230608_extract.png"
166,"An update of Lassa fever outbreak in Nigeria for Week 25","15 June 2023","An update of Lassa fever outbreak in Nigeria_150623_25.pdf","https://ncdc.gov.ng/themes/common/files/sitreps/713c5b4b49e63befb2cb822340590859.pdf",2023-06-15,25,2023,"713c5b4b49e63befb2cb822340590859","lassa_sitrep_2023_w25_20230615.pdf",FALSE,TRUE,985892,NA,7,TRUE,25,2023,4,"Table 3. Weekly and Cumulative number of suspected and confirmed cases for 2023",FALSE,"713c5b4b49e63befb2cb822340590859",NA,"data/sitreps/png/lassa_sitrep_2023_w25_20230615_table3.png","data/sitreps/png/lassa_sitrep_2023_w25_20230615_extract.png"
165,"An update of Lassa fever outbreak in Nigeria for Week 26","22 June 2023","An update of Lassa fever outbreak in Nigeria_220623_26.pdf","https://ncdc.gov.ng/themes/common/files/sitreps/622834a35a4d633df4ff292747c865fe.pdf",2023-06-22,26,2023,"622834a35a4d633df4ff292747c865fe","lassa_sitrep_2023_w26_20230622.pdf",FALSE,TRUE,989631,NA,7,TRUE,26,2023,4,"Table 3. Weekly and Cumulative number of suspected and confirmed cases for 2023",FALSE,"622834a35a4d633df4ff292747c865fe",NA,"data/sitreps/png/lassa_sitrep_2023_w26_20230622_table3.png","data/sitreps/png/lassa_sitrep_2023_w26_20230622_extract.png"
164,"An update of Lassa fever outbreak in Nigeria for Week 27","29 June 2023","An update of Lassa fever outbreak in Nigeria_290623_27.pdf","https://ncdc.gov.ng/themes/common/files/sitreps/7e52697a59d1228b232a6bf47fd84834.pdf",2023-06-29,27,2023,"7e52697a59d1228b232a6bf47fd84834","lassa_sitrep_2023_w27_20230629.pdf",FALSE,TRUE,1054895,NA,7,TRUE,27,2023,4,"Table 3. Weekly and Cumulative number of suspected and confirmed cases for 2023",FALSE,"7e52697a59d1228b232a6bf47fd84834",NA,"data/sitreps/png/lassa_sitrep_2023_w27_20230629_table3.png","data/sitreps/png/lassa_sitrep_2023_w27_20230629_extract.png"
163,"An update of Lassa fever outbreak in Nigeria for Week 28","06 July 2023","An update of Lassa fever outbreak in Nigeria_060723_28.pdf","https://ncdc.gov.ng/themes/common/files/sitreps/1dc69238ca48e48a919c44b880cb31b0.pdf",2023-07-06,28,2023,"1dc69238ca48e48a919c44b880cb31b0","lassa_sitrep_2023_w28_20230706.pdf",FALSE,TRUE,986983,NA,7,TRUE,28,2023,4,"Table 3. Weekly and Cumulative number of suspected and confirmed cases for 2023",FALSE,"1dc69238ca48e48a919c44b880cb31b0",NA,"data/sitreps/png/lassa_sitrep_2023_w28_20230706_table3.png","data/sitreps/png/lassa_sitrep_2023_w28_20230706_extract.png"
162,"An update of Lassa fever outbreak in Nigeria for Week 29","13 July 2023","An update of Lassa fever outbreak in Nigeria_130723_29.pdf","https://ncdc.gov.ng/themes/common/files/sitreps/ae869c8ec811dc23ad0a28c33686f192.pdf",2023-07-13,29,2023,"ae869c8ec811dc23ad0a28c33686f192","lassa_sitrep_2023_w29_20230713.pdf",FALSE,TRUE,1018250,NA,7,TRUE,29,2023,4,"Table 3. Weekly and Cumulative number of suspected and confirmed cases for 2023",FALSE,"ae869c8ec811dc23ad0a28c33686f192",NA,"data/sitreps/png/lassa_sitrep_2023_w29_20230713_table3.png","data/sitreps/png/lassa_sitrep_2023_w29_20230713_extract.png"
161,"An update of Lassa fever outbreak in Nigeria for Week 30","20 July 2023","An update of Lassa fever outbreak in Nigeria_200723_30.pdf","https://ncdc.gov.ng/themes/common/files/sitreps/1b40aecdc7a9100797389299b2519a38.pdf",2023-07-20,30,2023,"1b40aecdc7a9100797389299b2519a38","lassa_sitrep_2023_w30_20230720.pdf",FALSE,TRUE,3812804,NA,7,TRUE,30,2023,4,"Table 3. Weekly and Cumulative number of suspected and confirmed cases for 2023",FALSE,"1b40aecdc7a9100797389299b2519a38",NA,"data/sitreps/png/lassa_sitrep_2023_w30_20230720_table3.png","data/sitreps/png/lassa_sitrep_2023_w30_20230720_extract.png"
160,"An update of Lassa fever outbreak in Nigeria for Week 31","27 July 2023","An update of Lassa fever outbreak in Nigeria_270723_31.pdf","https://ncdc.gov.ng/themes/common/files/sitreps/7674d2d603a61fbc2edac539ea2fef2c.pdf",2023-07-27,31,2023,"7674d2d603a61fbc2edac539ea2fef2c","lassa_sitrep_2023_w31_20230727.pdf",FALSE,TRUE,3810016,NA,7,TRUE,31,2023,4,"Table 3. Weekly and Cumulative number of suspected and confirmed cases for 2023",FALSE,"7674d2d603a61fbc2edac539ea2fef2c",NA,"data/sitreps/png/lassa_sitrep_2023_w31_20230727_table3.png","data/sitreps/png/lassa_sitrep_2023_w31_20230727_extract.png"
159,"An update of Lassa fever outbreak in Nigeria for Week 32","03 August 2023","An update of Lassa fever outbreak in Nigeria_030823_32.pdf","https://ncdc.gov.ng/themes/common/files/sitreps/98c3d940753bdb9d9e1d4e351690c326.pdf",2023-08-03,32,2023,"98c3d940753bdb9d9e1d4e351690c326","lassa_sitrep_2023_w32_20230803.pdf",FALSE,TRUE,1019301,NA,7,TRUE,32,2023,4,"Table 3. Weekly and Cumulative number of suspected and confirmed cases for 2023",FALSE,"98c3d940753bdb9d9e1d4e351690c326",NA,"data/sitreps/png/lassa_sitrep_2023_w32_20230803_table3.png","data/sitreps/png/lassa_sitrep_2023_w32_20230803_extract.png"
158,"An update of Lassa fever outbreak in Nigeria for Week 33","10 August 2023","An update of Lassa fever outbreak in Nigeria_100823_33.pdf","https://ncdc.gov.ng/themes/common/files/sitreps/34bc687035ef5e8b32d92191165792b7.pdf",2023-08-10,33,2023,"34bc687035ef5e8b32d92191165792b7","lassa_sitrep_2023_w33_20230810.pdf",FALSE,TRUE,949270,NA,7,TRUE,33,2023,4,"Table 3. Weekly and Cumulative number of suspected and confirmed cases for 2023",FALSE,"34bc687035ef5e8b32d92191165792b7",NA,"data/sitreps/png/lassa_sitrep_2023_w33_20230810_table3.png","data/sitreps/png/lassa_sitrep_2023_w33_20230810_extract.png"
157,"An update of Lassa fever outbreak in Nigeria for Week 34","17 August 2023","An update of Lassa fever outbreak in Nigeria_170823_34.pdf","https://ncdc.gov.ng/themes/common/files/sitreps/7e85289cf55818da6810ebee1f339f8f.pdf",2023-08-17,34,2023,"7e85289cf55818da6810ebee1f339f8f","lassa_sitrep_2023_w34_20230817.pdf",FALSE,TRUE,1017859,NA,7,TRUE,34,2023,4,"Table 3. Weekly and Cumulative number of suspected and confirmed cases for 2023",FALSE,"7e85289cf55818da6810ebee1f339f8f",NA,"data/sitreps/png/lassa_sitrep_2023_w34_20230817_table3.png","data/sitreps/png/lassa_sitrep_2023_w34_20230817_extract.png"
156,"An update of Lassa fever outbreak in Nigeria for Week 35","24 August 2023","An update of Lassa fever outbreak in Nigeria_240823_35.pdf","https://ncdc.gov.ng/themes/common/files/sitreps/393479e44be567dfaae3718cceac01ab.pdf",2023-08-24,35,2023,"393479e44be567dfaae3718cceac01ab","lassa_sitrep_2023_w35_20230824.pdf",FALSE,TRUE,719909,NA,7,TRUE,35,2023,4,"Table 3. Weekly and Cumulative number of suspected and confirmed cases for 2023",FALSE,"393479e44be567dfaae3718cceac01ab",NA,"data/sitreps/png/lassa_sitrep_2023_w35_20230824_table3.png","data/sitreps/png/lassa_sitrep_2023_w35_20230824_extract.png"
155,"An update of Lassa fever outbreak in Nigeria for Week 36","31 August 2023","An update of Lassa fever outbreak in Nigeria_310823_36.pdf","https://ncdc.gov.ng/themes/common/files/sitreps/eb3be271ad737d5ef29dd8a52225448d.pdf",2023-08-31,36,2023,"eb3be271ad737d5ef29dd8a52225448d","lassa_sitrep_2023_w36_20230831.pdf",FALSE,TRUE,3517079,NA,7,TRUE,36,2023,4,"Table 3. Weekly and Cumulative number of suspected and confirmed cases for 2023",FALSE,"eb3be271ad737d5ef29dd8a52225448d",NA,"data/sitreps/png/lassa_sitrep_2023_w36_20230831_table3.png","data/sitreps/png/lassa_sitrep_2023_w36_20230831_extract.png"
154,"An update of Lassa fever outbreak in Nigeria for Week 37","07 September 2023","An update of Lassa fever outbreak in Nigeria_070923_37.pdf","https://ncdc.gov.ng/themes/common/files/sitreps/bc53df7cded2c21974a9973e0ce17965.pdf",2023-09-07,37,2023,"bc53df7cded2c21974a9973e0ce17965","lassa_sitrep_2023_w37_20230907.pdf",FALSE,TRUE,4285662,NA,8,TRUE,37,2023,4,"Table 3. Weekly and Cumulative number of suspected and confirmed cases for 2023",FALSE,"bc53df7cded2c21974a9973e0ce17965",NA,"data/sitreps/png/lassa_sitrep_2023_w37_20230907_table3.png","data/sitreps/png/lassa_sitrep_2023_w37_20230907_extract.png"
153,"An update of Lassa fever outbreak in Nigeria for Week 38","14 September 2023","An update of Lassa fever outbreak in Nigeria_140923_38.pdf","https://ncdc.gov.ng/themes/common/files/sitreps/7bff918b81a8e610200b879d929995da.pdf",2023-09-14,38,2023,"7bff918b81a8e610200b879d929995da","lassa_sitrep_2023_w38_20230914.pdf",FALSE,FALSE,NA,"HTTP 404 Not Found.",NA,NA,NA,NA,NA,NA,FALSE,NA,NA,NA,NA
152,"An update of Lassa fever outbreak in Nigeria for Week 39","21 September 2023","An update of Lassa fever outbreak in Nigeria_210923_39.pdf","https://ncdc.gov.ng/themes/common/files/sitreps/8ec85b4cc38b1060199aa795b034ea64.pdf",2023-09-21,39,2023,"8ec85b4cc38b1060199aa795b034ea64","lassa_sitrep_2023_w39_20230921.pdf",FALSE,TRUE,1006186,NA,7,TRUE,39,2023,4,"Table 3. Weekly and Cumulative number of suspected and confirmed cases for 2023",FALSE,"8ec85b4cc38b1060199aa795b034ea64",NA,"data/sitreps/png/lassa_sitrep_2023_w39_20230921_table3.png","data/sitreps/png/lassa_sitrep_2023_w39_20230921_extract.png"
151,"An update of Lassa fever outbreak in Nigeria for Week 40","28 September 2023","An update of Lassa fever outbreak in Nigeria_280923_40.pdf","https://ncdc.gov.ng/themes/common/files/sitreps/134f4dd53fafa964e4c24846504c3c76.pdf",2023-09-28,40,2023,"134f4dd53fafa964e4c24846504c3c76","lassa_sitrep_2023_w40_20230928.pdf",FALSE,TRUE,1013700,NA,7,TRUE,40,2023,4,"Table 3. Weekly and Cumulative number of suspected and confirmed cases for 2023",FALSE,"134f4dd53fafa964e4c24846504c3c76",NA,"data/sitreps/png/lassa_sitrep_2023_w40_20230928_table3.png","data/sitreps/png/lassa_sitrep_2023_w40_20230928_extract.png"
150,"An update of Lassa fever outbreak in Nigeria for Week 41","05 October 2023","An update of Lassa fever outbreak in Nigeria_051023_41.pdf","https://ncdc.gov.ng/themes/common/files/sitreps/f9594a55d4f6a4e0de239863a1751576.pdf",2023-10-05,41,2023,"f9594a55d4f6a4e0de239863a1751576","lassa_sitrep_2023_w41_20231005.pdf",FALSE,TRUE,1013359,NA,7,TRUE,41,2023,4,"Table 3. Weekly and Cumulative number of suspected and confirmed cases for 2023",FALSE,"f9594a55d4f6a4e0de239863a1751576",NA,"data/sitreps/png/lassa_sitrep_2023_w41_20231005_table3.png","data/sitreps/png/lassa_sitrep_2023_w41_20231005_extract.png"
149,"An update of Lassa fever outbreak in Nigeria for Week 42","12 October 2023","An update of Lassa fever outbreak in Nigeria_121023_42.pdf","https://ncdc.gov.ng/themes/common/files/sitreps/b3430561c3dc9f7ba19aeaee09c2a5e1.pdf",2023-10-12,42,2023,"b3430561c3dc9f7ba19aeaee09c2a5e1","lassa_sitrep_2023_w42_20231012.pdf",FALSE,TRUE,1011472,NA,7,TRUE,42,2023,4,"Table 3. Weekly and Cumulative number of suspected and confirmed cases for 2023",FALSE,"b3430561c3dc9f7ba19aeaee09c2a5e1",NA,"data/sitreps/png/lassa_sitrep_2023_w42_20231012_table3.png","data/sitreps/png/lassa_sitrep_2023_w42_20231012_extract.png"
148,"An update of Lassa fever outbreak in Nigeria for Week 43","19 October 2023","An update of Lassa fever outbreak in Nigeria_191023_43.pdf","https://ncdc.gov.ng/themes/common/files/sitreps/e9cff4621b13e973b4c2cdc77b11a4c0.pdf",2023-10-19,43,2023,"e9cff4621b13e973b4c2cdc77b11a4c0","lassa_sitrep_2023_w43_20231019.pdf",FALSE,TRUE,1013235,NA,7,TRUE,43,2023,4,"Table 3. Weekly and Cumulative number of suspected and confirmed cases for 2023",FALSE,"e9cff4621b13e973b4c2cdc77b11a4c0",NA,"data/sitreps/png/lassa_sitrep_2023_w43_20231019_table3.png","data/sitreps/png/lassa_sitrep_2023_w43_20231019_extract.png"
147,"An update of Lassa fever outbreak in Nigeria for Week 44","26 October 2023","An update of Lassa fever outbreak in Nigeria_261023_44.pdf","https://ncdc.gov.ng/themes/common/files/sitreps/b482bca0c7a383df195855537012c0ce.pdf",2023-10-26,44,2023,"b482bca0c7a383df195855537012c0ce","lassa_sitrep_2023_w44_20231026.pdf",FALSE,TRUE,1010249,NA,7,TRUE,44,2023,4,"Table 3. Weekly and Cumulative number of suspected and confirmed cases for 2023",FALSE,"b482bca0c7a383df195855537012c0ce",NA,"data/sitreps/png/lassa_sitrep_2023_w44_20231026_table3.png","data/sitreps/png/lassa_sitrep_2023_w44_20231026_extract.png"
146,"An update of Lassa fever outbreak in Nigeria for Week 45","02 November 2023","An update of Lassa fever outbreak in Nigeria_021123_45.pdf","https://ncdc.gov.ng/themes/common/files/sitreps/2979a92c9b699451c798c80ae3e1be82.pdf",2023-11-02,45,2023,"2979a92c9b699451c798c80ae3e1be82","lassa_sitrep_2023_w45_20231102.pdf",FALSE,TRUE,1017120,NA,7,TRUE,45,2023,4,"Table 3. Weekly and Cumulative number of suspected and confirmed cases for 2023",FALSE,"2979a92c9b699451c798c80ae3e1be82",NA,"data/sitreps/png/lassa_sitrep_2023_w45_20231102_table3.png","data/sitreps/png/lassa_sitrep_2023_w45_20231102_extract.png"
145,"An update of Lassa fever outbreak in Nigeria for Week 46","09 November 2023","An update of Lassa fever outbreak in Nigeria_091123_46.pdf","https://ncdc.gov.ng/themes/common/files/sitreps/601a808218115a180e9d282c839b51b6.pdf",2023-11-09,46,2023,"601a808218115a180e9d282c839b51b6","lassa_sitrep_2023_w46_20231109.pdf",FALSE,TRUE,1013055,NA,7,TRUE,46,2023,4,"Table 3. Weekly and Cumulative number of suspected and confirmed cases for 2023",FALSE,"601a808218115a180e9d282c839b51b6",NA,"data/sitreps/png/lassa_sitrep_2023_w46_20231109_table3.png","data/sitreps/png/lassa_sitrep_2023_w46_20231109_extract.png"
144,"An update of Lassa fever outbreak in Nigeria for Week 47","16 November 2023","An update of Lassa fever outbreak in Nigeria_161123_47.pdf","https://ncdc.gov.ng/themes/common/files/sitreps/01c65f02fefea247e0d096de778993c7.pdf",2023-11-16,47,2023,"01c65f02fefea247e0d096de778993c7","lassa_sitrep_2023_w47_20231116.pdf",FALSE,TRUE,973972,NA,7,TRUE,47,2023,4,"Table 3. Weekly and Cumulative number of suspected and confirmed cases for 2023",FALSE,"01c65f02fefea247e0d096de778993c7",NA,"data/sitreps/png/lassa_sitrep_2023_w47_20231116_table3.png","data/sitreps/png/lassa_sitrep_2023_w47_20231116_extract.png"
143,"An update of Lassa fever outbreak in Nigeria for Week 48","23 November 2023","An update of Lassa fever outbreak in Nigeria_231123_48.pdf","https://ncdc.gov.ng/themes/common/files/sitreps/8bcd2913056c037cbc58d2a0e676f54c.pdf",2023-11-23,48,2023,"8bcd2913056c037cbc58d2a0e676f54c","lassa_sitrep_2023_w48_20231123.pdf",FALSE,TRUE,1039934,NA,7,TRUE,48,2023,4,"Table 3. Weekly and Cumulative number of suspected and confirmed cases for 2023",FALSE,"8bcd2913056c037cbc58d2a0e676f54c",NA,"data/sitreps/png/lassa_sitrep_2023_w48_20231123_table3.png","data/sitreps/png/lassa_sitrep_2023_w48_20231123_extract.png"
142,"An update of Lassa fever outbreak in Nigeria for Week 49","30 November 2023","An update of Lassa fever outbreak in Nigeria_301123_49.pdf","https://ncdc.gov.ng/themes/common/files/sitreps/a45cf0bce3cf75b82dc8bde652f33f7f.pdf",2023-11-30,49,2023,"a45cf0bce3cf75b82dc8bde652f33f7f","lassa_sitrep_2023_w49_20231130.pdf",FALSE,TRUE,1039623,NA,7,TRUE,49,2023,4,"Table 3. Weekly and Cumulative number of suspected and confirmed cases for 2023",FALSE,"a45cf0bce3cf75b82dc8bde652f33f7f",NA,"data/sitreps/png/lassa_sitrep_2023_w49_20231130_table3.png","data/sitreps/png/lassa_sitrep_2023_w49_20231130_extract.png"
141,"An update of Lassa fever outbreak in Nigeria for Week 50","07 December 2023","An update of Lassa fever outbreak in Nigeria_071223_50.pdf","https://ncdc.gov.ng/themes/common/files/sitreps/a5df267ceb133c02b91933ba9ce63431.pdf",2023-12-07,50,2023,"a5df267ceb133c02b91933ba9ce63431","lassa_sitrep_2023_w50_20231207.pdf",FALSE,TRUE,1034688,NA,7,TRUE,50,2023,4,"Table 3. Weekly and Cumulative number of suspected and confirmed cases for 2023",FALSE,"a5df267ceb133c02b91933ba9ce63431",NA,"data/sitreps/png/lassa_sitrep_2023_w50_20231207_table3.png","data/sitreps/png/lassa_sitrep_2023_w50_20231207_extract.png"
140,"An update of Lassa fever outbreak in Nigeria for Week 51","14 December 2023","An update of Lassa fever outbreak in Nigeria_141223_51.pdf","https://ncdc.gov.ng/themes/common/files/sitreps/4e7858362325de8945ef3ecf69d2d440.pdf",2023-12-14,51,2023,"4e7858362325de8945ef3ecf69d2d440","lassa_sitrep_2023_w51_20231214.pdf",FALSE,TRUE,1009546,NA,7,TRUE,51,2023,4,"Table 3. Weekly and Cumulative number of suspected and confirmed cases for 2023",FALSE,"4e7858362325de8945ef3ecf69d2d440",NA,"data/sitreps/png/lassa_sitrep_2023_w51_20231214_table3.png","data/sitreps/png/lassa_sitrep_2023_w51_20231214_extract.png"
139,"An update of Lassa fever outbreak in Nigeria for Week 52","21 December 2023","An update of Lassa fever outbreak in Nigeria_211223_52.pdf","https://ncdc.gov.ng/themes/common/files/sitreps/60b4a539bd9b9852ac1a5059ec0f3433.pdf",2023-12-21,52,2023,"60b4a539bd9b9852ac1a5059ec0f3433","lassa_sitrep_2023_w52_20231221.pdf",FALSE,TRUE,1037369,NA,7,TRUE,52,2023,4,"Table 3. Weekly and Cumulative number of suspected and confirmed cases for 2023",FALSE,"60b4a539bd9b9852ac1a5059ec0f3433",NA,"data/sitreps/png/lassa_sitrep_2023_w52_20231221_table3.png","data/sitreps/png/lassa_sitrep_2023_w52_20231221_extract.png"
138,"An update of Lassa fever outbreak in Nigeria for Week 1","04 January 2024","An update of Lassa fever outbreak in Nigeria_040124_1.pdf","https://ncdc.gov.ng/themes/common/files/sitreps/163cac9f88252f4e06b5b063512262b4.pdf",2024-01-04,1,2024,"163cac9f88252f4e06b5b063512262b4","lassa_sitrep_2024_w01_20240104.pdf",FALSE,TRUE,792146,NA,7,TRUE,1,2024,4,"Table 3: Weekly and Cumulative number of suspected and confirmed cases for 2024",FALSE,"163cac9f88252f4e06b5b063512262b4",NA,"data/sitreps/png/lassa_sitrep_2024_w01_20240104_table3.png","data/sitreps/png/lassa_sitrep_2024_w01_20240104_extract.png"
137,"An update of Lassa fever outbreak in Nigeria for Week 2","11 January 2024","An update of Lassa fever outbreak in Nigeria_110124_2.pdf","https://ncdc.gov.ng/themes/common/files/sitreps/8b8bf6f65fd442f2d089922019955cbb.pdf",2024-01-11,2,2024,"8b8bf6f65fd442f2d089922019955cbb","lassa_sitrep_2024_w02_20240111.pdf",FALSE,TRUE,4510983,NA,7,TRUE,2,2024,4,"Table 3. Weekly and Cumulative number of suspected and confirmed cases for 2024",FALSE,"8b8bf6f65fd442f2d089922019955cbb",NA,"data/sitreps/png/lassa_sitrep_2024_w02_20240111_table3.png","data/sitreps/png/lassa_sitrep_2024_w02_20240111_extract.png"
136,"An update of Lassa fever outbreak in Nigeria for Week 3","18 January 2024","An update of Lassa fever outbreak in Nigeria_180124_3.pdf","https://ncdc.gov.ng/themes/common/files/sitreps/77bb5c41d4b2694841c51554510e5fcf.pdf",2024-01-18,3,2024,"77bb5c41d4b2694841c51554510e5fcf","lassa_sitrep_2024_w03_20240118.pdf",FALSE,TRUE,4535117,NA,7,TRUE,3,2024,4,"Table 3. Weekly and Cumulative number of suspected and confirmed cases for 2024",FALSE,"77bb5c41d4b2694841c51554510e5fcf",NA,"data/sitreps/png/lassa_sitrep_2024_w03_20240118_table3.png","data/sitreps/png/lassa_sitrep_2024_w03_20240118_extract.png"
135,"An update of Lassa fever outbreak in Nigeria for Week 4","25 January 2024","An update of Lassa fever outbreak in Nigeria_250124_4.pdf","https://ncdc.gov.ng/themes/common/files/sitreps/dbe3c973ec2bc07e75941caf7ee12a4d.pdf",2024-01-25,4,2024,"dbe3c973ec2bc07e75941caf7ee12a4d","lassa_sitrep_2024_w04_20240125.pdf",FALSE,TRUE,1542608,NA,7,TRUE,4,2024,4,"Table 3. Weekly and Cumulative number of suspected and confirmed cases for 2024",FALSE,"dbe3c973ec2bc07e75941caf7ee12a4d",NA,"data/sitreps/png/lassa_sitrep_2024_w04_20240125_table3.png","data/sitreps/png/lassa_sitrep_2024_w04_20240125_extract.png"
134,"An update of Lassa fever outbreak in Nigeria for Week 5","01 February 2024","An update of Lassa fever outbreak in Nigeria_010224_5.pdf","https://ncdc.gov.ng/themes/common/files/sitreps/546ce6b93544ae1acdd270482eb5067e.pdf",2024-02-01,5,2024,"546ce6b93544ae1acdd270482eb5067e","lassa_sitrep_2024_w05_20240201.pdf",FALSE,TRUE,1684739,NA,7,TRUE,5,2024,4,"Table 3. Weekly and Cumulative number of suspected and confirmed cases for 2024",FALSE,"8b3b1a680f3cdc6a77767d7525e44638",NA,"data/sitreps/png/lassa_sitrep_2024_w05_20240201_table3.png","data/sitreps/png/lassa_sitrep_2024_w05_20240201_extract.png"
133,"An update of Lassa fever outbreak in Nigeria for Week 6","08 February 2024","An update of Lassa fever outbreak in Nigeria_080224_6.pdf","https://ncdc.gov.ng/themes/common/files/sitreps/8a0ec23ad67a7a2fed558574e3a9ce7e.pdf",2024-02-08,6,2024,"8a0ec23ad67a7a2fed558574e3a9ce7e","lassa_sitrep_2024_w06_20240208.pdf",FALSE,TRUE,948345,NA,7,TRUE,6,2024,4,"Table 3. Weekly and Cumulative number of suspected and confirmed cases for 2024",FALSE,"8a0ec23ad67a7a2fed558574e3a9ce7e",NA,"data/sitreps/png/lassa_sitrep_2024_w06_20240208_table3.png","data/sitreps/png/lassa_sitrep_2024_w06_20240208_extract.png"
132,"An update of Lassa fever outbreak in Nigeria for Week 7","15 February 2024","An update of Lassa fever outbreak in Nigeria_150224_7.pdf","https://ncdc.gov.ng/themes/common/files/sitreps/3702b20687cb7bea4834b4a2db1a13ac.pdf",2024-02-15,7,2024,"3702b20687cb7bea4834b4a2db1a13ac","lassa_sitrep_2024_w07_20240215.pdf",FALSE,TRUE,1105001,NA,7,TRUE,7,2024,4,"Table 3. Weekly and Cumulative number of suspected and confirmed cases for 2024",FALSE,"3702b20687cb7bea4834b4a2db1a13ac",NA,"data/sitreps/png/lassa_sitrep_2024_w07_20240215_table3.png","data/sitreps/png/lassa_sitrep_2024_w07_20240215_extract.png"
131,"An update of Lassa fever outbreak in Nigeria for Week 8","22 February 2024","An update of Lassa fever outbreak in Nigeria_220224_8.pdf","https://ncdc.gov.ng/themes/common/files/sitreps/5b306da6313123f8265283fdfc916d8c.pdf",2024-02-22,8,2024,"5b306da6313123f8265283fdfc916d8c","lassa_sitrep_2024_w08_20240222.pdf",FALSE,TRUE,1679504,NA,7,TRUE,8,2024,4,"Table 3. Weekly and Cumulative number of suspected and confirmed cases for 2024",FALSE,"5b306da6313123f8265283fdfc916d8c",NA,"data/sitreps/png/lassa_sitrep_2024_w08_20240222_table3.png","data/sitreps/png/lassa_sitrep_2024_w08_20240222_extract.png"
130,"An update of Lassa fever outbreak in Nigeria for Week 9","29 February 2024","An update of Lassa fever outbreak in Nigeria_290224_9.pdf","https://ncdc.gov.ng/themes/common/files/sitreps/771095edb4d02d5965b888ad21b43244.pdf",2024-02-29,9,2024,"771095edb4d02d5965b888ad21b43244","lassa_sitrep_2024_w09_20240229.pdf",FALSE,TRUE,1688929,NA,7,TRUE,9,2024,4,"Table 3. Weekly and Cumulative number of suspected and confirmed cases for 2024",FALSE,"771095edb4d02d5965b888ad21b43244",NA,"data/sitreps/png/lassa_sitrep_2024_w09_20240229_table3.png","data/sitreps/png/lassa_sitrep_2024_w09_20240229_extract.png"
129,"An update of Lassa fever outbreak in Nigeria for Week 10","07 March 2024","An update of Lassa fever outbreak in Nigeria_070324_10.pdf","https://ncdc.gov.ng/themes/common/files/sitreps/865a02f480603684deec0985d34b4af3.pdf",2024-03-07,10,2024,"865a02f480603684deec0985d34b4af3","lassa_sitrep_2024_w10_20240307.pdf",FALSE,TRUE,1688640,NA,7,TRUE,10,2024,4,"Table 3. Weekly and Cumulative number of suspected and confirmed cases for 2024",FALSE,"865a02f480603684deec0985d34b4af3",NA,"data/sitreps/png/lassa_sitrep_2024_w10_20240307_table3.png","data/sitreps/png/lassa_sitrep_2024_w10_20240307_extract.png"
128,"An update of Lassa fever outbreak in Nigeria for Week 11","14 March 2024","An update of Lassa fever outbreak in Nigeria_140324_11.pdf","https://ncdc.gov.ng/themes/common/files/sitreps/791c808243b0838371d6917f12c5d565.pdf",2024-03-14,11,2024,"791c808243b0838371d6917f12c5d565","lassa_sitrep_2024_w11_20240314.pdf",FALSE,TRUE,1689752,NA,8,TRUE,11,2024,4,"Table 3. Weekly and Cumulative number of suspected and confirmed cases for 2024",FALSE,"791c808243b0838371d6917f12c5d565",NA,"data/sitreps/png/lassa_sitrep_2024_w11_20240314_table3.png","data/sitreps/png/lassa_sitrep_2024_w11_20240314_extract.png"
127,"An update of Lassa fever outbreak in Nigeria for Week 12","21 March 2024","An update of Lassa fever outbreak in Nigeria_210324_12.pdf","https://ncdc.gov.ng/themes/common/files/sitreps/44fa0f278f25180d5206ce53c964f490.pdf",2024-03-21,12,2024,"44fa0f278f25180d5206ce53c964f490","lassa_sitrep_2024_w12_20240321.pdf",FALSE,TRUE,1014901,NA,7,TRUE,12,2024,4,"Table 3. Weekly and Cumulative number of suspected and confirmed cases for 2024",FALSE,"44fa0f278f25180d5206ce53c964f490",NA,"data/sitreps/png/lassa_sitrep_2024_w12_20240321_table3.png","data/sitreps/png/lassa_sitrep_2024_w12_20240321_extract.png"
126,"An update of Lassa fever outbreak in Nigeria for Week 13","28 March 2024","An update of Lassa fever outbreak in Nigeria_280324_13.pdf","https://ncdc.gov.ng/themes/common/files/sitreps/1aabc83ea46f825a772894b4a53ab870.pdf",2024-03-28,13,2024,"1aabc83ea46f825a772894b4a53ab870","lassa_sitrep_2024_w13_20240328.pdf",FALSE,TRUE,4625210,NA,8,TRUE,13,2024,4,"Table 3. Weekly and Cumulative number of suspected and confirmed cases for 2024",FALSE,"1aabc83ea46f825a772894b4a53ab870",NA,"data/sitreps/png/lassa_sitrep_2024_w13_20240328_table3.png","data/sitreps/png/lassa_sitrep_2024_w13_20240328_extract.png"
125,"An update of Lassa fever outbreak in Nigeria for Week 14","04 April 2024","An update of Lassa fever outbreak in Nigeria_040424_14.pdf","https://ncdc.gov.ng/themes/common/files/sitreps/5eef9af2eb3577d6473b13f6daaa58b8.pdf",2024-04-04,14,2024,"5eef9af2eb3577d6473b13f6daaa58b8","lassa_sitrep_2024_w14_20240404.pdf",FALSE,TRUE,1684605,NA,8,TRUE,14,2024,4,"Table 3. Weekly and Cumulative number of suspected and confirmed cases for 2024",FALSE,"5eef9af2eb3577d6473b13f6daaa58b8",NA,"data/sitreps/png/lassa_sitrep_2024_w14_20240404_table3.png","data/sitreps/png/lassa_sitrep_2024_w14_20240404_extract.png"
124,"An update of Lassa fever outbreak in Nigeria for Week 15","11 April 2024","An update of Lassa fever outbreak in Nigeria_110424_15.pdf","https://ncdc.gov.ng/themes/common/files/sitreps/9fbe087b759706fc2edfd67e8999cf52.pdf",2024-04-11,15,2024,"9fbe087b759706fc2edfd67e8999cf52","lassa_sitrep_2024_w15_20240411.pdf",FALSE,TRUE,1719236,NA,8,TRUE,15,2024,4,"Table 3. Weekly and Cumulative number of suspected and confirmed cases for 2024",FALSE,"9fbe087b759706fc2edfd67e8999cf52",NA,"data/sitreps/png/lassa_sitrep_2024_w15_20240411_table3.png","data/sitreps/png/lassa_sitrep_2024_w15_20240411_extract.png"
123,"An update of Lassa fever outbreak in Nigeria for Week 16","18 April 2024","An update of Lassa fever outbreak in Nigeria_180424_16.pdf","https://ncdc.gov.ng/themes/common/files/sitreps/ea1bb56e795d90f28c78d38cfc3b2284.pdf",2024-04-18,16,2024,"ea1bb56e795d90f28c78d38cfc3b2284","lassa_sitrep_2024_w16_20240418.pdf",FALSE,TRUE,1709351,NA,8,TRUE,17,2024,4,"Table 3. Weekly and Cumulative number of suspected and confirmed cases for 2024",TRUE,"ea1bb56e795d90f28c78d38cfc3b2284",NA,"data/sitreps/png/lassa_sitrep_2024_w16_20240418_table3.png","data/sitreps/png/lassa_sitrep_2024_w16_20240418_extract.png"
122,"An update of Lassa fever outbreak in Nigeria for Week 17","25 April 2024","An update of Lassa fever outbreak in Nigeria_250424_17.pdf","https://ncdc.gov.ng/themes/common/files/sitreps/ea1bb56e795d90f28c78d38cfc3b2284.pdf",2024-04-25,17,2024,"ea1bb56e795d90f28c78d38cfc3b2284","lassa_sitrep_2024_w17_20240425.pdf",FALSE,TRUE,1709351,NA,8,TRUE,17,2024,4,"Table 3. Weekly and Cumulative number of suspected and confirmed cases for 2024",FALSE,"ea1bb56e795d90f28c78d38cfc3b2284","lassa_sitrep_2024_w16_20240418.pdf","data/sitreps/png/lassa_sitrep_2024_w17_20240425_table3.png","data/sitreps/png/lassa_sitrep_2024_w17_20240425_extract.png"
121,"An update of Lassa fever outbreak in Nigeria for Week 18","02 May 2024","An update of Lassa fever outbreak in Nigeria_020524_18.pdf","https://ncdc.gov.ng/themes/common/files/sitreps/0a5b79cb766a64f93a8f2e2738b29656.pdf",2024-05-02,18,2024,"0a5b79cb766a64f93a8f2e2738b29656","lassa_sitrep_2024_w18_20240502.pdf",FALSE,TRUE,1697891,NA,8,TRUE,18,2024,4,"Table 3. Weekly and Cumulative number of suspected and confirmed cases for 2024",FALSE,"0a5b79cb766a64f93a8f2e2738b29656",NA,"data/sitreps/png/lassa_sitrep_2024_w18_20240502_table3.png","data/sitreps/png/lassa_sitrep_2024_w18_20240502_extract.png"
120,"An update of Lassa fever outbreak in Nigeria for Week 19","09 May 2024","An update of Lassa fever outbreak in Nigeria_090524_19.pdf","https://ncdc.gov.ng/themes/common/files/sitreps/dca58aa670efeac35dd915e6a6bdaf2c.pdf",2024-05-09,19,2024,"dca58aa670efeac35dd915e6a6bdaf2c","lassa_sitrep_2024_w19_20240509.pdf",FALSE,TRUE,1687847,NA,8,TRUE,19,2024,4,"Table 3. Weekly and Cumulative number of suspected and confirmed cases for 2024",FALSE,"dca58aa670efeac35dd915e6a6bdaf2c",NA,"data/sitreps/png/lassa_sitrep_2024_w19_20240509_table3.png","data/sitreps/png/lassa_sitrep_2024_w19_20240509_extract.png"
119,"An update of Lassa fever outbreak in Nigeria for Week 20","16 May 2024","An update of Lassa fever outbreak in Nigeria_160524_20.pdf","https://ncdc.gov.ng/themes/common/files/sitreps/288045e09091e2b954f6e8d2c26eabcc.pdf",2024-05-16,20,2024,"288045e09091e2b954f6e8d2c26eabcc","lassa_sitrep_2024_w20_20240516.pdf",FALSE,TRUE,953351,NA,8,TRUE,20,2024,4,"Table 3. Weekly and Cumulative number of suspected and confirmed cases for 2024",FALSE,"288045e09091e2b954f6e8d2c26eabcc",NA,"data/sitreps/png/lassa_sitrep_2024_w20_20240516_table3.png","data/sitreps/png/lassa_sitrep_2024_w20_20240516_extract.png"
118,"An update of Lassa fever outbreak in Nigeria for Week 21","23 May 2024","An update of Lassa fever outbreak in Nigeria_230524_21.pdf","https://ncdc.gov.ng/themes/common/files/sitreps/660fee31cd7bc5b0fb59481dd4126c50.pdf",2024-05-23,21,2024,"660fee31cd7bc5b0fb59481dd4126c50","lassa_sitrep_2024_w21_20240523.pdf",FALSE,TRUE,998761,NA,8,TRUE,21,2024,4,"Table 3. Weekly and Cumulative number of suspected and confirmed cases for 2024",FALSE,"660fee31cd7bc5b0fb59481dd4126c50",NA,"data/sitreps/png/lassa_sitrep_2024_w21_20240523_table3.png","data/sitreps/png/lassa_sitrep_2024_w21_20240523_extract.png"
117,"An update of Lassa fever outbreak in Nigeria for Week 22","30 May 2024","An update of Lassa fever outbreak in Nigeria_300524_22.pdf","https://ncdc.gov.ng/themes/common/files/sitreps/e1ca38bacd44651afe2a90c4d6b89e2a.pdf",2024-05-30,22,2024,"e1ca38bacd44651afe2a90c4d6b89e2a","lassa_sitrep_2024_w22_20240530.pdf",FALSE,TRUE,3112679,NA,8,TRUE,22,2024,4,"Table 3. Weekly and Cumulative number of suspected and confirmed cases for 2024",FALSE,"e1ca38bacd44651afe2a90c4d6b89e2a",NA,"data/sitreps/png/lassa_sitrep_2024_w22_20240530_table3.png","data/sitreps/png/lassa_sitrep_2024_w22_20240530_extract.png"
116,"An update of Lassa fever outbreak in Nigeria for Week 23","06 June 2024","An update of Lassa fever outbreak in Nigeria_060624_23.pdf","https://ncdc.gov.ng/themes/common/files/sitreps/9ee88a22bf981dead26e6795ea3f8fd0.pdf",2024-06-06,23,2024,"9ee88a22bf981dead26e6795ea3f8fd0","lassa_sitrep_2024_w23_20240606.pdf",FALSE,TRUE,1020820,NA,8,TRUE,23,2024,4,"Table 3. Weekly and Cumulative number of suspected and confirmed cases for 2024",FALSE,"9ee88a22bf981dead26e6795ea3f8fd0",NA,"data/sitreps/png/lassa_sitrep_2024_w23_20240606_table3.png","data/sitreps/png/lassa_sitrep_2024_w23_20240606_extract.png"
115,"An update of Lassa fever outbreak in Nigeria for Week 24","13 June 2024","An update of Lassa fever outbreak in Nigeria_130624_24.pdf","https://ncdc.gov.ng/themes/common/files/sitreps/1eb24fee275466e4675d0c558538c5bb.pdf",2024-06-13,24,2024,"1eb24fee275466e4675d0c558538c5bb","lassa_sitrep_2024_w24_20240613.pdf",FALSE,TRUE,1014485,NA,8,TRUE,24,2024,4,"Table 3. Weekly and Cumulative number of suspected and confirmed cases for 2024",FALSE,"1eb24fee275466e4675d0c558538c5bb",NA,"data/sitreps/png/lassa_sitrep_2024_w24_20240613_table3.png","data/sitreps/png/lassa_sitrep_2024_w24_20240613_extract.png"
114,"An update of Lassa fever outbreak in Nigeria for Week 25","20 June 2024","An update of Lassa fever outbreak in Nigeria_200624_25.pdf","https://ncdc.gov.ng/themes/common/files/sitreps/b504223c6cfc42faba0f73b8f44cf7f0.pdf",2024-06-20,25,2024,"b504223c6cfc42faba0f73b8f44cf7f0","lassa_sitrep_2024_w25_20240620.pdf",FALSE,TRUE,3410007,NA,8,TRUE,25,2024,4,"Table 3. Weekly and Cumulative number of suspected and confirmed cases for 2024",FALSE,"b504223c6cfc42faba0f73b8f44cf7f0",NA,"data/sitreps/png/lassa_sitrep_2024_w25_20240620_table3.png","data/sitreps/png/lassa_sitrep_2024_w25_20240620_extract.png"
113,"An update of Lassa fever outbreak in Nigeria for Week 26","27 June 2024","An update of Lassa fever outbreak in Nigeria_270624_26.pdf","https://ncdc.gov.ng/themes/common/files/sitreps/b21e2fbaf35c67370488320234f0b5cb.pdf",2024-06-27,26,2024,"b21e2fbaf35c67370488320234f0b5cb","lassa_sitrep_2024_w26_20240627.pdf",FALSE,TRUE,3458782,NA,8,TRUE,26,2024,4,"Table 3. Weekly and Cumulative number of suspected and confirmed cases for 2024",FALSE,"b21e2fbaf35c67370488320234f0b5cb",NA,"data/sitreps/png/lassa_sitrep_2024_w26_20240627_table3.png","data/sitreps/png/lassa_sitrep_2024_w26_20240627_extract.png"
112,"An update of Lassa fever outbreak in Nigeria for Week 27","04 July 2024","An update of Lassa fever outbreak in Nigeria_040724_27.pdf","https://ncdc.gov.ng/themes/common/files/sitreps/5f0b9d75befc8ec93a94b3940837a4f8.pdf",2024-07-04,27,2024,"5f0b9d75befc8ec93a94b3940837a4f8","lassa_sitrep_2024_w27_20240704.pdf",FALSE,TRUE,3292923,NA,8,TRUE,27,2024,4,"Table 3. Weekly and Cumulative number of suspected and confirmed cases for 2024",FALSE,"5f0b9d75befc8ec93a94b3940837a4f8",NA,"data/sitreps/png/lassa_sitrep_2024_w27_20240704_table3.png","data/sitreps/png/lassa_sitrep_2024_w27_20240704_extract.png"
111,"An update of Lassa fever outbreak in Nigeria for Week 28","11 July 2024","An update of Lassa fever outbreak in Nigeria_110724_28.pdf","https://ncdc.gov.ng/themes/common/files/sitreps/64d6756b417890807be0f8c4bccc1bb0.pdf",2024-07-11,28,2024,"64d6756b417890807be0f8c4bccc1bb0","lassa_sitrep_2024_w28_20240711.pdf",FALSE,TRUE,3435595,NA,8,TRUE,28,2024,4,"Table 3. Weekly and Cumulative number of suspected and confirmed cases for 2024",FALSE,"64d6756b417890807be0f8c4bccc1bb0",NA,"data/sitreps/png/lassa_sitrep_2024_w28_20240711_table3.png","data/sitreps/png/lassa_sitrep_2024_w28_20240711_extract.png"
110,"An update of Lassa fever outbreak in Nigeria for Week 29","18 July 2024","An update of Lassa fever outbreak in Nigeria_180724_29.pdf","https://ncdc.gov.ng/themes/common/files/sitreps/344e68ee3739d342f4d6bb1e9cceb128.pdf",2024-07-18,29,2024,"344e68ee3739d342f4d6bb1e9cceb128","lassa_sitrep_2024_w29_20240718.pdf",FALSE,TRUE,3512300,NA,8,TRUE,29,2024,4,"Table 3. Weekly and Cumulative number of suspected and confirmed cases for 2024",FALSE,"344e68ee3739d342f4d6bb1e9cceb128",NA,"data/sitreps/png/lassa_sitrep_2024_w29_20240718_table3.png","data/sitreps/png/lassa_sitrep_2024_w29_20240718_extract.png"
109,"An update of Lassa fever outbreak in Nigeria for Week 30","25 July 2024","An update of Lassa fever outbreak in Nigeria_250724_30.pdf","https://ncdc.gov.ng/themes/common/files/sitreps/8204f6b1384af03de41a79f9e0553bfc.pdf",2024-07-25,30,2024,"8204f6b1384af03de41a79f9e0553bfc","lassa_sitrep_2024_w30_20240725.pdf",FALSE,TRUE,2516867,NA,8,TRUE,30,2024,4,"Table 3. Weekly and Cumulative number of suspected and confirmed cases for 2024",FALSE,"8204f6b1384af03de41a79f9e0553bfc",NA,"data/sitreps/png/lassa_sitrep_2024_w30_20240725_table3.png","data/sitreps/png/lassa_sitrep_2024_w30_20240725_extract.png"
108,"An update of Lassa fever outbreak in Nigeria for Week 31","01 August 2024","An update of Lassa fever outbreak in Nigeria_010824_31.pdf","https://ncdc.gov.ng/themes/common/files/sitreps/a6999d49053a25bc7882a06fa81cfe1e.pdf",2024-08-01,31,2024,"a6999d49053a25bc7882a06fa81cfe1e","lassa_sitrep_2024_w31_20240801.pdf",FALSE,TRUE,990872,NA,8,TRUE,31,2024,4,"Table 3. Weekly and Cumulative number of suspected and confirmed cases for 2024",FALSE,"a6999d49053a25bc7882a06fa81cfe1e",NA,"data/sitreps/png/lassa_sitrep_2024_w31_20240801_table3.png","data/sitreps/png/lassa_sitrep_2024_w31_20240801_extract.png"
107,"An update of Lassa fever outbreak in Nigeria for Week 32","08 August 2024","An update of Lassa fever outbreak in Nigeria_080824_32.pdf","https://ncdc.gov.ng/themes/common/files/sitreps/cf560b7e397cb8f9bf9174ca31d092b7.pdf",2024-08-08,32,2024,"cf560b7e397cb8f9bf9174ca31d092b7","lassa_sitrep_2024_w32_20240808.pdf",FALSE,TRUE,1027490,NA,8,TRUE,32,2024,4,"Table 3. Weekly and Cumulative number of suspected and confirmed cases for 2024",FALSE,"cf560b7e397cb8f9bf9174ca31d092b7",NA,"data/sitreps/png/lassa_sitrep_2024_w32_20240808_table3.png","data/sitreps/png/lassa_sitrep_2024_w32_20240808_extract.png"
106,"An update of Lassa fever outbreak in Nigeria for Week 33","15 August 2024","An update of Lassa fever outbreak in Nigeria_150824_33.pdf","https://ncdc.gov.ng/themes/common/files/sitreps/0272ed7be84c61cc890f3dcd67c4bdcc.pdf",2024-08-15,33,2024,"0272ed7be84c61cc890f3dcd67c4bdcc","lassa_sitrep_2024_w33_20240815.pdf",FALSE,TRUE,1023882,NA,8,TRUE,33,2024,4,"Table 3. Weekly and Cumulative number of suspected and confirmed cases for 2024",FALSE,"0272ed7be84c61cc890f3dcd67c4bdcc",NA,"data/sitreps/png/lassa_sitrep_2024_w33_20240815_table3.png","data/sitreps/png/lassa_sitrep_2024_w33_20240815_extract.png"
105,"An update of Lassa fever outbreak in Nigeria for Week 34","22 August 2024","An update of Lassa fever outbreak in Nigeria_220824_34.pdf","https://ncdc.gov.ng/themes/common/files/sitreps/2de8007a4a8063517fe7216c71530289.pdf",2024-08-22,34,2024,"2de8007a4a8063517fe7216c71530289","lassa_sitrep_2024_w34_20240822.pdf",FALSE,TRUE,1002853,NA,8,TRUE,34,2024,4,"Table 3. Weekly and Cumulative number of suspected and confirmed cases for 2024",FALSE,"2de8007a4a8063517fe7216c71530289",NA,"data/sitreps/png/lassa_sitrep_2024_w34_20240822_table3.png","data/sitreps/png/lassa_sitrep_2024_w34_20240822_extract.png"
104,"An update of Lassa fever outbreak in Nigeria for Week 35","29 August 2024","An update of Lassa fever outbreak in Nigeria_290824_35.pdf","https://ncdc.gov.ng/themes/common/files/sitreps/4989db9eca1f8ff7cb97c1f191260be0.pdf",2024-08-29,35,2024,"4989db9eca1f8ff7cb97c1f191260be0","lassa_sitrep_2024_w35_20240829.pdf",FALSE,TRUE,980700,NA,8,TRUE,35,2024,4,"Table 3. Weekly and Cumulative number of suspected and confirmed cases for 2024",FALSE,"4989db9eca1f8ff7cb97c1f191260be0",NA,"data/sitreps/png/lassa_sitrep_2024_w35_20240829_table3.png","data/sitreps/png/lassa_sitrep_2024_w35_20240829_extract.png"
103,"An update of Lassa fever outbreak in Nigeria for Week 36","05 September 2024","An update of Lassa fever outbreak in Nigeria_050924_36.pdf","https://ncdc.gov.ng/themes/common/files/sitreps/63bab26900ca4beb3b9b6827632777de.pdf",2024-09-05,36,2024,"63bab26900ca4beb3b9b6827632777de","lassa_sitrep_2024_w36_20240905.pdf",FALSE,TRUE,1144471,NA,8,TRUE,36,2024,4,"Table 3. Weekly and Cumulative number of suspected and confirmed cases for 2024",FALSE,"63bab26900ca4beb3b9b6827632777de",NA,"data/sitreps/png/lassa_sitrep_2024_w36_20240905_table3.png","data/sitreps/png/lassa_sitrep_2024_w36_20240905_extract.png"
102,"An update of Lassa fever outbreak in Nigeria for Week 37","12 September 2024","An update of Lassa fever outbreak in Nigeria_120924_37.pdf","https://ncdc.gov.ng/themes/common/files/sitreps/7ef98dd290a65f04f1b1a3c5914c9b0c.pdf",2024-09-12,37,2024,"7ef98dd290a65f04f1b1a3c5914c9b0c","lassa_sitrep_2024_w37_20240912.pdf",FALSE,TRUE,1054064,NA,8,TRUE,37,2024,4,"Table 3. Weekly and Cumulative number of suspected and confirmed cases for 2024",FALSE,"7ef98dd290a65f04f1b1a3c5914c9b0c",NA,"data/sitreps/png/lassa_sitrep_2024_w37_20240912_table3.png","data/sitreps/png/lassa_sitrep_2024_w37_20240912_extract.png"
101,"An update of Lassa fever outbreak in Nigeria for Week 38","19 September 2024","An update of Lassa fever outbreak in Nigeria_190924_38.pdf","https://ncdc.gov.ng/themes/common/files/sitreps/16fa44e88eb1be9b49c7d6ad5166c722.pdf",2024-09-19,38,2024,"16fa44e88eb1be9b49c7d6ad5166c722","lassa_sitrep_2024_w38_20240919.pdf",FALSE,TRUE,1609282,NA,8,TRUE,38,2024,4,"Table 3. Weekly and Cumulative number of suspected and confirmed cases for 2024",FALSE,"16fa44e88eb1be9b49c7d6ad5166c722",NA,"data/sitreps/png/lassa_sitrep_2024_w38_20240919_table3.png","data/sitreps/png/lassa_sitrep_2024_w38_20240919_extract.png"
100,"An update of Lassa fever outbreak in Nigeria for Week 39","26 September 2024","An update of Lassa fever outbreak in Nigeria_260924_39.pdf","https://ncdc.gov.ng/themes/common/files/sitreps/f05dc05cd9a8bfcf8115db65b60a98ae.pdf",2024-09-26,39,2024,"f05dc05cd9a8bfcf8115db65b60a98ae","lassa_sitrep_2024_w39_20240926.pdf",FALSE,TRUE,1529511,NA,8,TRUE,39,2024,4,"Table 3. Weekly and Cumulative number of suspected and confirmed cases for 2024",FALSE,"f05dc05cd9a8bfcf8115db65b60a98ae",NA,"data/sitreps/png/lassa_sitrep_2024_w39_20240926_table3.png","data/sitreps/png/lassa_sitrep_2024_w39_20240926_extract.png"
99,"An update of Lassa fever outbreak in Nigeria for Week 40","03 October 2024","An update of Lassa fever outbreak in Nigeria_031024_40.pdf","https://ncdc.gov.ng/themes/common/files/sitreps/80c9c7639fc9e969a1c470518308a7dd.pdf",2024-10-03,40,2024,"80c9c7639fc9e969a1c470518308a7dd","lassa_sitrep_2024_w40_20241003.pdf",FALSE,TRUE,1522098,NA,8,TRUE,40,2024,4,"Table 3. Weekly and Cumulative number of suspected and confirmed cases for 2024",FALSE,"80c9c7639fc9e969a1c470518308a7dd",NA,"data/sitreps/png/lassa_sitrep_2024_w40_20241003_table3.png","data/sitreps/png/lassa_sitrep_2024_w40_20241003_extract.png"
98,"An update of Lassa fever outbreak in Nigeria for Week 41","10 October 2024","An update of Lassa fever outbreak in Nigeria_101024_41.pdf","https://ncdc.gov.ng/themes/common/files/sitreps/781e41484270a1cc24a7e5655af395df.pdf",2024-10-10,41,2024,"781e41484270a1cc24a7e5655af395df","lassa_sitrep_2024_w41_20241010.pdf",FALSE,TRUE,1528705,NA,8,TRUE,41,2024,4,"Table 3. Weekly and Cumulative number of suspected and confirmed cases for 2024",FALSE,"781e41484270a1cc24a7e5655af395df",NA,"data/sitreps/png/lassa_sitrep_2024_w41_20241010_table3.png","data/sitreps/png/lassa_sitrep_2024_w41_20241010_extract.png"
97,"An update of Lassa fever outbreak in Nigeria for Week 42","14 October 2024","An update of Lassa fever outbreak in Nigeria_141024_42.pdf","https://ncdc.gov.ng/themes/common/files/sitreps/05156a13ec688981cc19e4d11108e8aa.pdf",2024-10-14,42,2024,"05156a13ec688981cc19e4d11108e8aa","lassa_sitrep_2024_w42_20241014.pdf",FALSE,TRUE,3040572,NA,8,TRUE,42,2024,4,"Table 3. Weekly and Cumulative number of suspected and confirmed cases for 2024",FALSE,"05156a13ec688981cc19e4d11108e8aa",NA,"data/sitreps/png/lassa_sitrep_2024_w42_20241014_table3.png","data/sitreps/png/lassa_sitrep_2024_w42_20241014_extract.png"
96,"An update of Lassa fever outbreak in Nigeria for Week 43","21 October 2024","An update of Lassa fever outbreak in Nigeria_211024_43.pdf","https://ncdc.gov.ng/themes/common/files/sitreps/0c7a93380102de75e327513ea6a405e6.pdf",2024-10-21,43,2024,"0c7a93380102de75e327513ea6a405e6","lassa_sitrep_2024_w43_20241021.pdf",FALSE,TRUE,3026814,NA,8,TRUE,43,2024,4,"Table 3. Weekly and Cumulative number of suspected and confirmed cases for 2024",FALSE,"0c7a93380102de75e327513ea6a405e6",NA,"data/sitreps/png/lassa_sitrep_2024_w43_20241021_table3.png","data/sitreps/png/lassa_sitrep_2024_w43_20241021_extract.png"
95,"An update of Lassa fever outbreak in Nigeria for Week 44","28 October 2024","An update of Lassa fever outbreak in Nigeria_281024_44.pdf","https://ncdc.gov.ng/themes/common/files/sitreps/911e458b3f01506aea70a408f43161a5.pdf",2024-10-28,44,2024,"911e458b3f01506aea70a408f43161a5","lassa_sitrep_2024_w44_20241028.pdf",FALSE,TRUE,931295,NA,8,TRUE,44,2024,4,"Table 3. Weekly and Cumulative Number of Suspected and Confirmed Cases for 2024",FALSE,"9afc3fe3a7b24cccf1ff64c31744c161",NA,"data/sitreps/png/lassa_sitrep_2024_w44_20241028_table3.png","data/sitreps/png/lassa_sitrep_2024_w44_20241028_extract.png"
94,"An update of Lassa fever outbreak in Nigeria for Week 45","04 November 2024","An update of Lassa fever outbreak in Nigeria_041124_45.pdf","https://ncdc.gov.ng/themes/common/files/sitreps/0aa015568b0325ccac29573ecf89b8fd.pdf",2024-11-04,45,2024,"0aa015568b0325ccac29573ecf89b8fd","lassa_sitrep_2024_w45_20241104.pdf",FALSE,TRUE,987846,NA,8,TRUE,45,2024,4,"Table 3. Weekly and Cumulative Number of Suspected and Confirmed Cases for 2024",FALSE,"964255128494ece2bcd3be43e9bb355f",NA,"data/sitreps/png/lassa_sitrep_2024_w45_20241104_table3.png","data/sitreps/png/lassa_sitrep_2024_w45_20241104_extract.png"
93,"An update of Lassa fever outbreak in Nigeria for Week 46","11 November 2024","An update of Lassa fever outbreak in Nigeria_111124_46.pdf","https://ncdc.gov.ng/themes/common/files/sitreps/1f6833689c121d72ba41839554164d6a.pdf",2024-11-11,46,2024,"1f6833689c121d72ba41839554164d6a","lassa_sitrep_2024_w46_20241111.pdf",FALSE,TRUE,1008852,NA,8,TRUE,46,2024,4,"Table 3. Weekly and Cumulative Number of Suspected and Confirmed Cases for 2024",FALSE,"1f6833689c121d72ba41839554164d6a",NA,"data/sitreps/png/lassa_sitrep_2024_w46_20241111_table3.png","data/sitreps/png/lassa_sitrep_2024_w46_20241111_extract.png"
92,"An update of Lassa fever outbreak in Nigeria for Week 47","18 November 2024","An update of Lassa fever outbreak in Nigeria_181124_47.pdf","https://ncdc.gov.ng/themes/common/files/sitreps/710c10d1248bdad4de05d44db991d1d5.pdf",2024-11-18,47,2024,"710c10d1248bdad4de05d44db991d1d5","lassa_sitrep_2024_w47_20241118.pdf",FALSE,TRUE,1023040,NA,8,TRUE,47,2024,4,"Table 3. Weekly and Cumulative Number of Suspected and Confirmed Cases for 2024",FALSE,"710c10d1248bdad4de05d44db991d1d5",NA,"data/sitreps/png/lassa_sitrep_2024_w47_20241118_table3.png","data/sitreps/png/lassa_sitrep_2024_w47_20241118_extract.png"
91,"An update of Lassa fever outbreak in Nigeria for Week 48","25 November 2024","An update of Lassa fever outbreak in Nigeria_251124_48.pdf","https://ncdc.gov.ng/themes/common/files/sitreps/faef7bf3bf32d686a2eb4c462c99ac97.pdf",2024-11-25,48,2024,"faef7bf3bf32d686a2eb4c462c99ac97","lassa_sitrep_2024_w48_20241125.pdf",FALSE,TRUE,1053471,NA,8,TRUE,48,2024,4,"Table 3. Weekly and Cumulative Number of Suspected and Confirmed Cases for 2024",FALSE,"faef7bf3bf32d686a2eb4c462c99ac97",NA,"data/sitreps/png/lassa_sitrep_2024_w48_20241125_table3.png","data/sitreps/png/lassa_sitrep_2024_w48_20241125_extract.png"
90,"An update of Lassa fever outbreak in Nigeria for Week 49","02 December 2024","An update of Lassa fever outbreak in Nigeria_021224_49.pdf","https://ncdc.gov.ng/themes/common/files/sitreps/ebc66f0db1f2ac955fa991a6fcdf61ca.pdf",2024-12-02,49,2024,"ebc66f0db1f2ac955fa991a6fcdf61ca","lassa_sitrep_2024_w49_20241202.pdf",FALSE,TRUE,1058597,NA,8,TRUE,49,2024,4,"Table 3. Weekly and Cumulative Number of Suspected and Confirmed Cases for 2024",FALSE,"ebc66f0db1f2ac955fa991a6fcdf61ca",NA,"data/sitreps/png/lassa_sitrep_2024_w49_20241202_table3.png","data/sitreps/png/lassa_sitrep_2024_w49_20241202_extract.png"
89,"An update of Lassa fever outbreak in Nigeria for Week 50","09 December 2024","An update of Lassa fever outbreak in Nigeria_091224_50.pdf","https://ncdc.gov.ng/themes/common/files/sitreps/8de8aa6497873b55a1011465a2b92902.pdf",2024-12-09,50,2024,"8de8aa6497873b55a1011465a2b92902","lassa_sitrep_2024_w50_20241209.pdf",FALSE,TRUE,1060925,NA,8,TRUE,50,2024,4,"Table 3. Weekly and Cumulative Number of Suspected and Confirmed Cases for 2024",FALSE,"8de8aa6497873b55a1011465a2b92902",NA,"data/sitreps/png/lassa_sitrep_2024_w50_20241209_table3.png","data/sitreps/png/lassa_sitrep_2024_w50_20241209_extract.png"
88,"An update of Lassa fever outbreak in Nigeria for Week 51","16 December 2024","An update of Lassa fever outbreak in Nigeria_161224_51.pdf","https://ncdc.gov.ng/themes/common/files/sitreps/d0296af1f291289fb1fa7d686d1faa32.pdf",2024-12-16,51,2024,"d0296af1f291289fb1fa7d686d1faa32","lassa_sitrep_2024_w51_20241216.pdf",FALSE,TRUE,1062596,NA,8,TRUE,51,2024,4,"Table 3. Weekly and Cumulative Number of Suspected and Confirmed Cases for 2024",FALSE,"d0296af1f291289fb1fa7d686d1faa32",NA,"data/sitreps/png/lassa_sitrep_2024_w51_20241216_table3.png","data/sitreps/png/lassa_sitrep_2024_w51_20241216_extract.png"
87,"An update of Lassa fever outbreak in Nigeria for Week 52","23 December 2024","An update of Lassa fever outbreak in Nigeria_231224_52.pdf","https://ncdc.gov.ng/themes/common/files/sitreps/a45a720bd6ddd1e75a5a3e7e6195e412.pdf",2024-12-23,52,2024,"a45a720bd6ddd1e75a5a3e7e6195e412","lassa_sitrep_2024_w52_20241223.pdf",FALSE,TRUE,1069681,NA,8,TRUE,52,2024,4,"Table 3: Weekly and Cumulative Number of Suspected and Confirmed Cases for 2024",FALSE,"a45a720bd6ddd1e75a5a3e7e6195e412",NA,"data/sitreps/png/lassa_sitrep_2024_w52_20241223_table3.png","data/sitreps/png/lassa_sitrep_2024_w52_20241223_extract.png"
86,"An update of Lassa fever outbreak in Nigeria for Week 1","01 January 2025","An update of Lassa fever outbreak in Nigeria_010125_1.pdf","https://ncdc.gov.ng/themes/common/files/sitreps/1bded1685f8dc4961a169a274be138c2.pdf",2025-01-01,1,2025,"1bded1685f8dc4961a169a274be138c2","lassa_sitrep_2025_w01_20250101.pdf",FALSE,TRUE,1733045,NA,8,TRUE,1,2025,4,"Table 3. Weekly and Cumulative Number of Suspected and Confirmed Cases for 2025",FALSE,"1bded1685f8dc4961a169a274be138c2",NA,"data/sitreps/png/lassa_sitrep_2025_w01_20250101_table3.png","data/sitreps/png/lassa_sitrep_2025_w01_20250101_extract.png"
85,"An update of Lassa fever outbreak in Nigeria for Week 2","08 January 2025","An update of Lassa fever outbreak in Nigeria_080125_2.pdf","https://ncdc.gov.ng/themes/common/files/sitreps/4fb9445cb9e30a27518dfca3224b0c1f.pdf",2025-01-08,2,2025,"4fb9445cb9e30a27518dfca3224b0c1f","lassa_sitrep_2025_w02_20250108.pdf",FALSE,TRUE,1663513,NA,7,TRUE,2,2025,4,"Table 3. Weekly and Cumulative Number of Suspected and Confirmed Cases for 2025",FALSE,"4fb9445cb9e30a27518dfca3224b0c1f",NA,"data/sitreps/png/lassa_sitrep_2025_w02_20250108_table3.png","data/sitreps/png/lassa_sitrep_2025_w02_20250108_extract.png"
84,"An update of Lassa fever outbreak in Nigeria for Week 3","18 January 2025","An update of Lassa fever outbreak in Nigeria_180125_3.pdf","https://ncdc.gov.ng/themes/common/files/sitreps/f5f00c41816f216f0118481848a57699.pdf",2025-01-18,3,2025,"f5f00c41816f216f0118481848a57699","lassa_sitrep_2025_w03_20250118.pdf",FALSE,TRUE,1212188,NA,7,TRUE,3,2025,4,"Table 3. Weekly and Cumulative Number of Suspected and Confirmed Cases for 2025",FALSE,"f5f00c41816f216f0118481848a57699",NA,"data/sitreps/png/lassa_sitrep_2025_w03_20250118_table3.png","data/sitreps/png/lassa_sitrep_2025_w03_20250118_extract.png"
83,"An update of Lassa fever outbreak in Nigeria for Week 4","25 January 2025","An update of Lassa fever outbreak in Nigeria_250125_4.pdf","https://ncdc.gov.ng/themes/common/files/sitreps/8f9df00ca43527c4507c6b1db208cd3b.pdf",2025-01-25,4,2025,"8f9df00ca43527c4507c6b1db208cd3b","lassa_sitrep_2025_w04_20250125.pdf",FALSE,TRUE,1618756,NA,7,TRUE,4,2025,4,"Table 3. Weekly and Cumulative Number of Suspected and Confirmed Cases for 2025",FALSE,"8f9df00ca43527c4507c6b1db208cd3b",NA,"data/sitreps/png/lassa_sitrep_2025_w04_20250125_table3.png","data/sitreps/png/lassa_sitrep_2025_w04_20250125_extract.png"
82,"An update of Lassa fever outbreak in Nigeria for Week 5","01 February 2025","An update of Lassa fever outbreak in Nigeria_010225_5.pdf","https://ncdc.gov.ng/themes/common/files/sitreps/2461908c2038dda5866c159c5146ab03.pdf",2025-02-01,5,2025,"2461908c2038dda5866c159c5146ab03","lassa_sitrep_2025_w05_20250201.pdf",FALSE,TRUE,1217128,NA,7,TRUE,5,2025,4,"Table 3. Weekly and Cumulative Number of Suspected and Confirmed Cases for 2025",FALSE,"2461908c2038dda5866c159c5146ab03",NA,"data/sitreps/png/lassa_sitrep_2025_w05_20250201_table3.png","data/sitreps/png/lassa_sitrep_2025_w05_20250201_extract.png"
81,"An update of Lassa fever outbreak in Nigeria for Week 6","08 February 2025","An update of Lassa fever outbreak in Nigeria_080225_6.pdf","https://ncdc.gov.ng/themes/common/files/sitreps/d84698b45d03dafb399e97fa8379c4d5.pdf",2025-02-08,6,2025,"d84698b45d03dafb399e97fa8379c4d5","lassa_sitrep_2025_w06_20250208.pdf",FALSE,TRUE,1254385,NA,7,TRUE,6,2025,4,"Table 3: Weekly and Cumulative number of suspected and confirmed cases for 2025",FALSE,"d84698b45d03dafb399e97fa8379c4d5",NA,"data/sitreps/png/lassa_sitrep_2025_w06_20250208_table3.png","data/sitreps/png/lassa_sitrep_2025_w06_20250208_extract.png"
80,"An update of Lassa fever outbreak in Nigeria for Week 7","15 February 2025","An update of Lassa fever outbreak in Nigeria_150225_7.pdf","https://ncdc.gov.ng/themes/common/files/sitreps/fef1494f70b0a5330dc39f362b6c5dd6.pdf",2025-02-15,7,2025,"fef1494f70b0a5330dc39f362b6c5dd6","lassa_sitrep_2025_w07_20250215.pdf",FALSE,TRUE,1587238,NA,9,TRUE,7,2025,5,"Table 3. Weekly and Cumulative Number of Suspected and Confirmed Cases for 2025",FALSE,"fef1494f70b0a5330dc39f362b6c5dd6",NA,"data/sitreps/png/lassa_sitrep_2025_w07_20250215_table3.png","data/sitreps/png/lassa_sitrep_2025_w07_20250215_extract.png"
79,"An update of Lassa fever outbreak in Nigeria for Week 8","22 February 2025","An update of Lassa fever outbreak in Nigeria_220225_8.pdf","https://ncdc.gov.ng/themes/common/files/sitreps/7be5c90f4529e8facefb0df1702374a3.pdf",2025-02-22,8,2025,"7be5c90f4529e8facefb0df1702374a3","lassa_sitrep_2025_w08_20250222.pdf",FALSE,TRUE,1668116,NA,7,TRUE,8,2025,4,"Table 3:Weekly and Cumulative Number of Suspected and Confirmed Cases for 2025",FALSE,"7be5c90f4529e8facefb0df1702374a3",NA,"data/sitreps/png/lassa_sitrep_2025_w08_20250222_table3.png","data/sitreps/png/lassa_sitrep_2025_w08_20250222_extract.png"
78,"An update of Lassa fever outbreak in Nigeria for Week 9","01 March 2025","An update of Lassa fever outbreak in Nigeria_010325_9.pdf","https://ncdc.gov.ng/themes/common/files/sitreps/f8d434bb9371973f7fa3f097d381c83e.pdf",2025-03-01,9,2025,"f8d434bb9371973f7fa3f097d381c83e","lassa_sitrep_2025_w09_20250301.pdf",FALSE,TRUE,1287782,NA,7,TRUE,9,2025,4,"Table 3:Weekly and Cumulative Number of Suspected and Confirmed Cases for 2025",FALSE,"f8d434bb9371973f7fa3f097d381c83e",NA,"data/sitreps/png/lassa_sitrep_2025_w09_20250301_table3.png","data/sitreps/png/lassa_sitrep_2025_w09_20250301_extract.png"
77,"An update of Lassa fever outbreak in Nigeria for Week 10","08 March 2025","An update of Lassa fever outbreak in Nigeria_080325_10.pdf","https://ncdc.gov.ng/themes/common/files/sitreps/d6108967136678d07af6d2495112cc93.pdf",2025-03-08,10,2025,"d6108967136678d07af6d2495112cc93","lassa_sitrep_2025_w10_20250308.pdf",FALSE,TRUE,1723595,NA,7,TRUE,10,2025,4,"Table 3: Weekly and Cumulative Number of Suspected and Confirmed Cases for 2025",FALSE,"d6108967136678d07af6d2495112cc93",NA,"data/sitreps/png/lassa_sitrep_2025_w10_20250308_table3.png","data/sitreps/png/lassa_sitrep_2025_w10_20250308_extract.png"
76,"An update of Lassa fever outbreak in Nigeria for Week 11","15 March 2025","An update of Lassa fever outbreak in Nigeria_150325_11.pdf","https://ncdc.gov.ng/themes/common/files/sitreps/fa454efab576bc6a9e540003907b9025.pdf",2025-03-15,11,2025,"fa454efab576bc6a9e540003907b9025","lassa_sitrep_2025_w11_20250315.pdf",FALSE,TRUE,1289882,NA,7,TRUE,11,2025,4,"Table 3: Weekly and Cumulative Number of Suspected and Confirmed Cases for 2025",FALSE,"fa454efab576bc6a9e540003907b9025",NA,"data/sitreps/png/lassa_sitrep_2025_w11_20250315_table3.png","data/sitreps/png/lassa_sitrep_2025_w11_20250315_extract.png"
75,"An update of Lassa fever outbreak in Nigeria for Week 12","22 March 2025","An update of Lassa fever outbreak in Nigeria_220325_12.pdf","https://ncdc.gov.ng/themes/common/files/sitreps/f584060364d537ad3f332aa185b5513d.pdf",2025-03-22,12,2025,"f584060364d537ad3f332aa185b5513d","lassa_sitrep_2025_w12_20250322.pdf",FALSE,TRUE,1245289,NA,7,TRUE,12,2025,4,"Table 3. Weekly and Cumulative number of suspected and confirmed cases for 2025",FALSE,"f584060364d537ad3f332aa185b5513d",NA,"data/sitreps/png/lassa_sitrep_2025_w12_20250322_table3.png","data/sitreps/png/lassa_sitrep_2025_w12_20250322_extract.png"
74,"An update of Lassa fever outbreak in Nigeria for Week 13","29 March 2025","An update of Lassa fever outbreak in Nigeria_290325_13.pdf","https://ncdc.gov.ng/themes/common/files/sitreps/fac2ebeb767cd3f68a0dcf5ef03d83a5.pdf",2025-03-29,13,2025,"fac2ebeb767cd3f68a0dcf5ef03d83a5","lassa_sitrep_2025_w13_20250329.pdf",FALSE,TRUE,872333,NA,7,TRUE,13,2025,4,"Table 3. Weekly and Cumulative Number of Suspected and Confirmed Cases for 2025",FALSE,"fac2ebeb767cd3f68a0dcf5ef03d83a5",NA,"data/sitreps/png/lassa_sitrep_2025_w13_20250329_table3.png","data/sitreps/png/lassa_sitrep_2025_w13_20250329_extract.png"
73,"An update of Lassa fever outbreak in Nigeria for Week 14","05 April 2025","An update of Lassa fever outbreak in Nigeria_050425_14.pdf","https://ncdc.gov.ng/themes/common/files/sitreps/989549e00cb6d5f5f452188dd2a3f172.pdf",2025-04-05,14,2025,"989549e00cb6d5f5f452188dd2a3f172","lassa_sitrep_2025_w14_20250405.pdf",FALSE,TRUE,1686445,NA,7,TRUE,14,2025,4,"Table 3: Weekly and Cumulative Number of Suspected and Confirmed Cases for 2025",FALSE,"989549e00cb6d5f5f452188dd2a3f172",NA,"data/sitreps/png/lassa_sitrep_2025_w14_20250405_table3.png","data/sitreps/png/lassa_sitrep_2025_w14_20250405_extract.png"
72,"An update of Lassa fever outbreak in Nigeria for Week 15","12 April 2025","An update of Lassa fever outbreak in Nigeria_120425_15.pdf","https://ncdc.gov.ng/themes/common/files/sitreps/a128370a130043e5cb28adadf3695333.pdf",2025-04-12,15,2025,"a128370a130043e5cb28adadf3695333","lassa_sitrep_2025_w15_20250412.pdf",FALSE,TRUE,1028791,NA,7,TRUE,15,2025,4,"Table 3:Weekly and Cumulative Number of Suspected and Confirmed Cases for 2025",FALSE,"a128370a130043e5cb28adadf3695333",NA,"data/sitreps/png/lassa_sitrep_2025_w15_20250412_table3.png","data/sitreps/png/lassa_sitrep_2025_w15_20250412_extract.png"
71,"An update of Lassa fever outbreak in Nigeria for Week 16","19 April 2025","An update of Lassa fever outbreak in Nigeria_190425_16.pdf","https://ncdc.gov.ng/themes/common/files/sitreps/9cff3b3bd159dec6021abf7991ca3907.pdf",2025-04-19,16,2025,"9cff3b3bd159dec6021abf7991ca3907","lassa_sitrep_2025_w16_20250419.pdf",FALSE,TRUE,951113,NA,7,TRUE,16,2025,4,"Table 3. Weekly and Cumulative number of suspected and confirmed cases for 2025",FALSE,"9cff3b3bd159dec6021abf7991ca3907",NA,"data/sitreps/png/lassa_sitrep_2025_w16_20250419_table3.png","data/sitreps/png/lassa_sitrep_2025_w16_20250419_extract.png"
70,"An update of Lassa fever outbreak in Nigeria for Week 17","26 April 2025","An update of Lassa fever outbreak in Nigeria_260425_17.pdf","https://ncdc.gov.ng/themes/common/files/sitreps/1f9e7904281a1212851763a4fb0a07d4.pdf",2025-04-26,17,2025,"1f9e7904281a1212851763a4fb0a07d4","lassa_sitrep_2025_w17_20250426.pdf",FALSE,TRUE,1077129,NA,7,TRUE,17,2025,4,"Table 3. Weekly and Cumulative number of suspected and confirmed cases for 2025",FALSE,"1f9e7904281a1212851763a4fb0a07d4",NA,"data/sitreps/png/lassa_sitrep_2025_w17_20250426_table3.png","data/sitreps/png/lassa_sitrep_2025_w17_20250426_extract.png"
69,"An update of Lassa fever outbreak in Nigeria for Week 18","03 May 2025","An update of Lassa fever outbreak in Nigeria_030525_18.pdf","https://ncdc.gov.ng/themes/common/files/sitreps/b96af4fbec2627dc1eca4b400343860e.pdf",2025-05-03,18,2025,"b96af4fbec2627dc1eca4b400343860e","lassa_sitrep_2025_w18_20250503.pdf",FALSE,TRUE,1229619,NA,7,TRUE,18,2025,4,"Table 3. Weekly and Cumulative number of suspected and confirmed cases for 2025",FALSE,"b96af4fbec2627dc1eca4b400343860e",NA,"data/sitreps/png/lassa_sitrep_2025_w18_20250503_table3.png","data/sitreps/png/lassa_sitrep_2025_w18_20250503_extract.png"
68,"An update of Lassa fever outbreak in Nigeria for Week 19","10 May 2025","An update of Lassa fever outbreak in Nigeria_100525_19.pdf","https://ncdc.gov.ng/themes/common/files/sitreps/75d6383a349cd68e560d9d6586ba2d18.pdf",2025-05-10,19,2025,"75d6383a349cd68e560d9d6586ba2d18","lassa_sitrep_2025_w19_20250510.pdf",FALSE,TRUE,1205193,NA,7,TRUE,19,2025,4,"Table 3. Weekly and Cumulative number of suspected and confirmed cases for 2025",FALSE,"75d6383a349cd68e560d9d6586ba2d18",NA,"data/sitreps/png/lassa_sitrep_2025_w19_20250510_table3.png","data/sitreps/png/lassa_sitrep_2025_w19_20250510_extract.png"
67,"An update of Lassa fever outbreak in Nigeria for Week 20","17 May 2025","An update of Lassa fever outbreak in Nigeria_170525_20.pdf","https://ncdc.gov.ng/themes/common/files/sitreps/b2fba7b3b04f94dcf90281fed621b99a.pdf",2025-05-17,20,2025,"b2fba7b3b04f94dcf90281fed621b99a","lassa_sitrep_2025_w20_20250517.pdf",FALSE,TRUE,1218062,NA,7,TRUE,20,2025,4,"Table 3. Weekly and Cumulative number of suspected and confirmed cases for 2025",FALSE,"b2fba7b3b04f94dcf90281fed621b99a",NA,"data/sitreps/png/lassa_sitrep_2025_w20_20250517_table3.png","data/sitreps/png/lassa_sitrep_2025_w20_20250517_extract.png"
66,"An update of Lassa fever outbreak in Nigeria for Week 21","24 May 2025","An update of Lassa fever outbreak in Nigeria_240525_21.pdf","https://ncdc.gov.ng/themes/common/files/sitreps/c398356c72062146d7573f4ec16c219e.pdf",2025-05-24,21,2025,"c398356c72062146d7573f4ec16c219e","lassa_sitrep_2025_w21_20250524.pdf",FALSE,TRUE,1320874,NA,7,TRUE,21,2025,4,"Table 3. Weekly and Cumulative number of suspected and confirmed cases for 2025",FALSE,"c398356c72062146d7573f4ec16c219e",NA,"data/sitreps/png/lassa_sitrep_2025_w21_20250524_table3.png","data/sitreps/png/lassa_sitrep_2025_w21_20250524_extract.png"
65,"An update of Lassa fever outbreak in Nigeria for Week 22","31 May 2025","An update of Lassa fever outbreak in Nigeria_310525_22.pdf","https://ncdc.gov.ng/themes/common/files/sitreps/573e9c67be359f1c204e1fa1095ca796.pdf",2025-05-31,22,2025,"573e9c67be359f1c204e1fa1095ca796","lassa_sitrep_2025_w22_20250531.pdf",FALSE,TRUE,1773584,NA,7,TRUE,22,2025,4,"Table 3. Weekly and Cumulative number of suspected and confirmed cases for 2025",FALSE,"573e9c67be359f1c204e1fa1095ca796",NA,"data/sitreps/png/lassa_sitrep_2025_w22_20250531_table3.png","data/sitreps/png/lassa_sitrep_2025_w22_20250531_extract.png"
64,"An update of Lassa fever outbreak in Nigeria for Week 23","07 June 2025","An update of Lassa fever outbreak in Nigeria_070625_23.pdf","https://ncdc.gov.ng/themes/common/files/sitreps/7b65e9135fa79ffb3700a69aed6102bd.pdf",2025-06-07,23,2025,"7b65e9135fa79ffb3700a69aed6102bd","lassa_sitrep_2025_w23_20250607.pdf",FALSE,TRUE,1781815,NA,7,TRUE,23,2025,4,"Table 3. Weekly and Cumulative number of suspected and confirmed cases for 2025",FALSE,"7b65e9135fa79ffb3700a69aed6102bd",NA,"data/sitreps/png/lassa_sitrep_2025_w23_20250607_table3.png","data/sitreps/png/lassa_sitrep_2025_w23_20250607_extract.png"
63,"An update of Lassa fever outbreak in Nigeria for Week 24","14 June 2025","An update of Lassa fever outbreak in Nigeria_140625_24.pdf","https://ncdc.gov.ng/themes/common/files/sitreps/17f59c56d38345b9f7de4c38b5838e4d.pdf",2025-06-14,24,2025,"17f59c56d38345b9f7de4c38b5838e4d","lassa_sitrep_2025_w24_20250614.pdf",FALSE,TRUE,2289880,NA,7,TRUE,24,2025,4,"Table 3. Weekly and Cumulative number of suspected and confirmed cases for 2025",FALSE,"17f59c56d38345b9f7de4c38b5838e4d",NA,"data/sitreps/png/lassa_sitrep_2025_w24_20250614_table3.png","data/sitreps/png/lassa_sitrep_2025_w24_20250614_extract.png"
62,"An update of Lassa fever outbreak in Nigeria for Week 25","21 June 2025","An update of Lassa fever outbreak in Nigeria_210625_25.pdf","https://ncdc.gov.ng/themes/common/files/sitreps/adc1cf16209e291bef9951dbd8e29148.pdf",2025-06-21,25,2025,"adc1cf16209e291bef9951dbd8e29148","lassa_sitrep_2025_w25_20250621.pdf",FALSE,TRUE,1412902,NA,7,TRUE,25,2025,4,"Table 3. Weekly and Cumulative number of suspected and confirmed cases for 2025",FALSE,"adc1cf16209e291bef9951dbd8e29148",NA,"data/sitreps/png/lassa_sitrep_2025_w25_20250621_table3.png","data/sitreps/png/lassa_sitrep_2025_w25_20250621_extract.png"
61,"An update of Lassa fever outbreak in Nigeria for Week 26","28 June 2025","An update of Lassa fever outbreak in Nigeria_280625_26.pdf","https://ncdc.gov.ng/themes/common/files/sitreps/0af4baa92621f81bb9b88375fa0366fa.pdf",2025-06-28,26,2025,"0af4baa92621f81bb9b88375fa0366fa","lassa_sitrep_2025_w26_20250628.pdf",FALSE,TRUE,1396052,NA,7,TRUE,26,2025,4,"Table 3. Weekly and Cumulative number of suspected and confirmed cases for 2025",FALSE,"0af4baa92621f81bb9b88375fa0366fa",NA,"data/sitreps/png/lassa_sitrep_2025_w26_20250628_table3.png","data/sitreps/png/lassa_sitrep_2025_w26_20250628_extract.png"
60,"An update of Lassa fever outbreak in Nigeria for Week 27","05 July 2025","An update of Lassa fever outbreak in Nigeria_050725_27.pdf","https://ncdc.gov.ng/themes/common/files/sitreps/f71674b95faa623bb9842d7f8603775a.pdf",2025-07-05,27,2025,"f71674b95faa623bb9842d7f8603775a","lassa_sitrep_2025_w27_20250705.pdf",FALSE,TRUE,1968341,NA,7,TRUE,27,2025,4,"Table 3. Weekly and Cumulative number of suspected and confirmed cases for 2025",FALSE,"f71674b95faa623bb9842d7f8603775a",NA,"data/sitreps/png/lassa_sitrep_2025_w27_20250705_table3.png","data/sitreps/png/lassa_sitrep_2025_w27_20250705_extract.png"
59,"An update of Lassa fever outbreak in Nigeria for Week 28","12 July 2025","An update of Lassa fever outbreak in Nigeria_120725_28.pdf","https://ncdc.gov.ng/themes/common/files/sitreps/953e057e6d9e1773395f58004c1fdc65.pdf",2025-07-12,28,2025,"953e057e6d9e1773395f58004c1fdc65","lassa_sitrep_2025_w28_20250712.pdf",FALSE,TRUE,1488547,NA,7,TRUE,28,2025,4,"Table 3. Weekly and Cumulative number of suspected and confirmed cases for 2025",FALSE,"953e057e6d9e1773395f58004c1fdc65",NA,"data/sitreps/png/lassa_sitrep_2025_w28_20250712_table3.png","data/sitreps/png/lassa_sitrep_2025_w28_20250712_extract.png"
58,"An update of Lassa fever outbreak in Nigeria for Week 29","19 July 2025","An update of Lassa fever outbreak in Nigeria_190725_29.pdf","https://ncdc.gov.ng/themes/common/files/sitreps/6b00dee2daebb22ba349bc3cc6664840.pdf",2025-07-19,29,2025,"6b00dee2daebb22ba349bc3cc6664840","lassa_sitrep_2025_w29_20250719.pdf",FALSE,TRUE,1395869,NA,7,TRUE,29,2025,4,"Table 3. Weekly and Cumulative number of suspected and confirmed cases for 2025",FALSE,"6b00dee2daebb22ba349bc3cc6664840",NA,"data/sitreps/png/lassa_sitrep_2025_w29_20250719_table3.png","data/sitreps/png/lassa_sitrep_2025_w29_20250719_extract.png"
57,"An update of Lassa fever outbreak in Nigeria for Week 30","26 July 2025","An update of Lassa fever outbreak in Nigeria_260725_30.pdf","https://ncdc.gov.ng/themes/common/files/sitreps/3560e6789d452acc5b8ecc6fb772829e.pdf",2025-07-26,30,2025,"3560e6789d452acc5b8ecc6fb772829e","lassa_sitrep_2025_w30_20250726.pdf",FALSE,TRUE,1412782,NA,7,TRUE,30,2025,4,"Table 3. Weekly and Cumulative number of suspected and confirmed cases for 2025",FALSE,"3560e6789d452acc5b8ecc6fb772829e",NA,"data/sitreps/png/lassa_sitrep_2025_w30_20250726_table3.png","data/sitreps/png/lassa_sitrep_2025_w30_20250726_extract.png"
56,"An update of Lassa fever outbreak in Nigeria for Week 31","02 August 2025","An update of Lassa fever outbreak in Nigeria_020825_31.pdf","https://ncdc.gov.ng/themes/common/files/sitreps/2315e23e53aee258f9e0bea4c071bf14.pdf",2025-08-02,31,2025,"2315e23e53aee258f9e0bea4c071bf14","lassa_sitrep_2025_w31_20250802.pdf",FALSE,TRUE,1385492,NA,7,TRUE,31,2025,4,"Table 3. Weekly and Cumulative number of suspected and confirmed cases for 2025",FALSE,"2315e23e53aee258f9e0bea4c071bf14",NA,"data/sitreps/png/lassa_sitrep_2025_w31_20250802_table3.png","data/sitreps/png/lassa_sitrep_2025_w31_20250802_extract.png"
55,"An update of Lassa fever outbreak in Nigeria for Week 32","09 August 2025","An update of Lassa fever outbreak in Nigeria_090825_32.pdf","https://ncdc.gov.ng/themes/common/files/sitreps/bd740aca13b8e8b3d1f843595d194592.pdf",2025-08-09,32,2025,"bd740aca13b8e8b3d1f843595d194592","lassa_sitrep_2025_w32_20250809.pdf",FALSE,TRUE,1478809,NA,7,TRUE,32,2025,4,"Table 3. Weekly and Cumulative number of suspected and confirmed cases for 2025",FALSE,"bd740aca13b8e8b3d1f843595d194592",NA,"data/sitreps/png/lassa_sitrep_2025_w32_20250809_table3.png","data/sitreps/png/lassa_sitrep_2025_w32_20250809_extract.png"
54,"An update of Lassa fever outbreak in Nigeria for Week 33","16 August 2025","An update of Lassa fever outbreak in Nigeria_160825_33.pdf","https://ncdc.gov.ng/themes/common/files/sitreps/aa4bc98fb7a8256a02bfad73167c5575.pdf",2025-08-16,33,2025,"aa4bc98fb7a8256a02bfad73167c5575","lassa_sitrep_2025_w33_20250816.pdf",FALSE,TRUE,1375805,NA,7,TRUE,33,2025,4,"Table 3. Weekly and Cumulative number of suspected and confirmed cases for 2025",FALSE,"aa4bc98fb7a8256a02bfad73167c5575",NA,"data/sitreps/png/lassa_sitrep_2025_w33_20250816_table3.png","data/sitreps/png/lassa_sitrep_2025_w33_20250816_extract.png"
53,"An update of Lassa fever outbreak in Nigeria for Week 34","23 August 2025","An update of Lassa fever outbreak in Nigeria_230825_34.pdf","https://ncdc.gov.ng/themes/common/files/sitreps/01fa4b52589086bf75895be3d6946b56.pdf",2025-08-23,34,2025,"01fa4b52589086bf75895be3d6946b56","lassa_sitrep_2025_w34_20250823.pdf",FALSE,TRUE,1370460,NA,7,TRUE,34,2025,4,"Table 3. Weekly and Cumulative number of suspected and confirmed cases for 2025",FALSE,"01fa4b52589086bf75895be3d6946b56",NA,"data/sitreps/png/lassa_sitrep_2025_w34_20250823_table3.png","data/sitreps/png/lassa_sitrep_2025_w34_20250823_extract.png"
52,"An update of Lassa fever outbreak in Nigeria for Week 35","30 August 2025","An update of Lassa fever outbreak in Nigeria_300825_35.pdf","https://ncdc.gov.ng/themes/common/files/sitreps/c2d64b8e1e79e9c567f64e162bc4c7e8.pdf",2025-08-30,35,2025,"c2d64b8e1e79e9c567f64e162bc4c7e8","lassa_sitrep_2025_w35_20250830.pdf",FALSE,TRUE,1372903,NA,7,TRUE,35,2025,4,"Table 3. Weekly and Cumulative number of suspected and confirmed cases for 2025",FALSE,"c2d64b8e1e79e9c567f64e162bc4c7e8",NA,"data/sitreps/png/lassa_sitrep_2025_w35_20250830_table3.png","data/sitreps/png/lassa_sitrep_2025_w35_20250830_extract.png"
51,"An update of Lassa fever outbreak in Nigeria for Week 36","06 September 2025","An update of Lassa fever outbreak in Nigeria_060925_36.pdf","https://ncdc.gov.ng/themes/common/files/sitreps/1c71b9e603060417404f0ecc9aabd746.pdf",2025-09-06,36,2025,"1c71b9e603060417404f0ecc9aabd746","lassa_sitrep_2025_w36_20250906.pdf",FALSE,TRUE,1392787,NA,7,TRUE,36,2025,4,"Table 3. Weekly and Cumulative number of suspected and confirmed cases for 2025",FALSE,"1c71b9e603060417404f0ecc9aabd746",NA,"data/sitreps/png/lassa_sitrep_2025_w36_20250906_table3.png","data/sitreps/png/lassa_sitrep_2025_w36_20250906_extract.png"
50,"An update of Lassa fever outbreak in Nigeria for Week 37","13 September 2025","An update of Lassa fever outbreak in Nigeria_130925_37.pdf","https://ncdc.gov.ng/themes/common/files/sitreps/8ce0c6f500bad860e93baa694da23a62.pdf",2025-09-13,37,2025,"8ce0c6f500bad860e93baa694da23a62","lassa_sitrep_2025_w37_20250913.pdf",FALSE,TRUE,1392025,NA,7,TRUE,37,2025,4,"Table 3. Weekly and Cumulative number of suspected and confirmed cases for 2025",FALSE,"8ce0c6f500bad860e93baa694da23a62",NA,"data/sitreps/png/lassa_sitrep_2025_w37_20250913_table3.png","data/sitreps/png/lassa_sitrep_2025_w37_20250913_extract.png"
49,"An update of Lassa fever outbreak in Nigeria for Week 38","20 September 2025","An update of Lassa fever outbreak in Nigeria_200925_38.pdf","https://ncdc.gov.ng/themes/common/files/sitreps/bc2702d096dea7bcb5f8cb520aefba7c.pdf",2025-09-20,38,2025,"bc2702d096dea7bcb5f8cb520aefba7c","lassa_sitrep_2025_w38_20250920.pdf",FALSE,TRUE,1392972,NA,7,TRUE,38,2025,4,"Table 3. Weekly and Cumulative number of suspected and confirmed cases for 2025",FALSE,"bc2702d096dea7bcb5f8cb520aefba7c",NA,"data/sitreps/png/lassa_sitrep_2025_w38_20250920_table3.png","data/sitreps/png/lassa_sitrep_2025_w38_20250920_extract.png"
48,"An update of Lassa fever outbreak in Nigeria for Week 39","27 September 2025","An update of Lassa fever outbreak in Nigeria_270925_39.pdf","https://ncdc.gov.ng/themes/common/files/sitreps/29888ec0c2dd10ca4cf0bef3814d0a81.pdf",2025-09-27,39,2025,"29888ec0c2dd10ca4cf0bef3814d0a81","lassa_sitrep_2025_w39_20250927.pdf",FALSE,TRUE,1422946,NA,7,TRUE,39,2025,4,"Table 3. Weekly and Cumulative number of suspected and confirmed cases for 2025",FALSE,"29888ec0c2dd10ca4cf0bef3814d0a81",NA,"data/sitreps/png/lassa_sitrep_2025_w39_20250927_table3.png","data/sitreps/png/lassa_sitrep_2025_w39_20250927_extract.png"
47,"An update of Lassa fever outbreak in Nigeria for Week 40","04 October 2025","An update of Lassa fever outbreak in Nigeria_041025_40.pdf","https://ncdc.gov.ng/themes/common/files/sitreps/ded728ef465f33739ad7928d327a2929.pdf",2025-10-04,40,2025,"ded728ef465f33739ad7928d327a2929","lassa_sitrep_2025_w40_20251004.pdf",FALSE,TRUE,1394689,NA,7,TRUE,40,2025,4,"Table 3. Weekly and Cumulative number of suspected and confirmed cases for 2025",FALSE,"ded728ef465f33739ad7928d327a2929",NA,"data/sitreps/png/lassa_sitrep_2025_w40_20251004_table3.png","data/sitreps/png/lassa_sitrep_2025_w40_20251004_extract.png"
46,"An update of Lassa fever outbreak in Nigeria for Week 41","11 October 2025","An update of Lassa fever outbreak in Nigeria_111025_41.pdf","https://ncdc.gov.ng/themes/common/files/sitreps/68f0ee9000f3084b74ed892be0d3f79f.pdf",2025-10-11,41,2025,"68f0ee9000f3084b74ed892be0d3f79f","lassa_sitrep_2025_w41_20251011.pdf",FALSE,TRUE,1394889,NA,7,TRUE,41,2025,4,"Table 3. Weekly and Cumulative number of suspected and confirmed cases for 2025",FALSE,"68f0ee9000f3084b74ed892be0d3f79f",NA,"data/sitreps/png/lassa_sitrep_2025_w41_20251011_table3.png","data/sitreps/png/lassa_sitrep_2025_w41_20251011_extract.png"
45,"An update of Lassa fever outbreak in Nigeria for Week 42","18 October 2025","An update of Lassa fever outbreak in Nigeria_181025_42.pdf","https://ncdc.gov.ng/themes/common/files/sitreps/91f559d691c7cd411f7058f1496eef6f.pdf",2025-10-18,42,2025,"91f559d691c7cd411f7058f1496eef6f","lassa_sitrep_2025_w42_20251018.pdf",FALSE,TRUE,1422664,NA,7,TRUE,42,2025,4,"Table 3. Weekly and Cumulative number of suspected and confirmed cases for 2025",FALSE,"91f559d691c7cd411f7058f1496eef6f",NA,"data/sitreps/png/lassa_sitrep_2025_w42_20251018_table3.png","data/sitreps/png/lassa_sitrep_2025_w42_20251018_extract.png"
44,"An update of Lassa fever outbreak in Nigeria for Week 43","25 October 2025","An update of Lassa fever outbreak in Nigeria_251025_43.pdf","https://ncdc.gov.ng/themes/common/files/sitreps/55b33161bbfe39fd72039808875e5c45.pdf",2025-10-25,43,2025,"55b33161bbfe39fd72039808875e5c45","lassa_sitrep_2025_w43_20251025.pdf",FALSE,TRUE,1394965,NA,7,TRUE,43,2025,4,"Table 3. Weekly and Cumulative number of suspected and confirmed cases for 2025",FALSE,"55b33161bbfe39fd72039808875e5c45",NA,"data/sitreps/png/lassa_sitrep_2025_w43_20251025_table3.png","data/sitreps/png/lassa_sitrep_2025_w43_20251025_extract.png"
43,"An update of Lassa fever outbreak in Nigeria for Week 44","01 November 2025","An update of Lassa fever outbreak in Nigeria_011125_44.pdf","https://ncdc.gov.ng/themes/common/files/sitreps/9910b5860f5b9c377cf14a8992d6905b.pdf",2025-11-01,44,2025,"9910b5860f5b9c377cf14a8992d6905b","lassa_sitrep_2025_w44_20251101.pdf",FALSE,TRUE,1378264,NA,7,TRUE,44,2025,4,"Table 3. Weekly and Cumulative number of suspected and confirmed cases for 2025",FALSE,"9910b5860f5b9c377cf14a8992d6905b",NA,"data/sitreps/png/lassa_sitrep_2025_w44_20251101_table3.png","data/sitreps/png/lassa_sitrep_2025_w44_20251101_extract.png"
42,"An update of Lassa fever outbreak in Nigeria for Week 45","08 November 2025","An update of Lassa fever outbreak in Nigeria_081125_45.pdf","https://ncdc.gov.ng/themes/common/files/sitreps/471dd6384cd4f288167c0881efee40ee.pdf",2025-11-08,45,2025,"471dd6384cd4f288167c0881efee40ee","lassa_sitrep_2025_w45_20251108.pdf",FALSE,TRUE,1404884,NA,7,TRUE,45,2025,4,"Table 3. Weekly and Cumulative number of suspected and confirmed cases for 2025",FALSE,"471dd6384cd4f288167c0881efee40ee",NA,"data/sitreps/png/lassa_sitrep_2025_w45_20251108_table3.png","data/sitreps/png/lassa_sitrep_2025_w45_20251108_extract.png"
41,"An update of Lassa fever outbreak in Nigeria for Week 46","15 November 2025","An update of Lassa fever outbreak in Nigeria_151125_46.pdf","https://ncdc.gov.ng/themes/common/files/sitreps/65b81d453825965fc88b202a61101c4f.pdf",2025-11-15,46,2025,"65b81d453825965fc88b202a61101c4f","lassa_sitrep_2025_w46_20251115.pdf",FALSE,TRUE,1431533,NA,7,TRUE,46,2025,4,"Table 3. Weekly and Cumulative number of suspected and confirmed cases for 2025",FALSE,"65b81d453825965fc88b202a61101c4f",NA,"data/sitreps/png/lassa_sitrep_2025_w46_20251115_table3.png","data/sitreps/png/lassa_sitrep_2025_w46_20251115_extract.png"
40,"An update of Lassa fever outbreak in Nigeria for Week 47","22 November 2025","An update of Lassa fever outbreak in Nigeria_221125_47.pdf","https://ncdc.gov.ng/themes/common/files/sitreps/f1eac3b9f6e60c760a040fd279f5977f.pdf",2025-11-22,47,2025,"f1eac3b9f6e60c760a040fd279f5977f","lassa_sitrep_2025_w47_20251122.pdf",FALSE,TRUE,1433272,NA,7,TRUE,47,2025,4,"Table 3. Weekly and Cumulative number of suspected and confirmed cases for 2025",FALSE,"f1eac3b9f6e60c760a040fd279f5977f",NA,"data/sitreps/png/lassa_sitrep_2025_w47_20251122_table3.png","data/sitreps/png/lassa_sitrep_2025_w47_20251122_extract.png"
39,"An update of Lassa fever outbreak in Nigeria for Week 48","29 November 2025","An update of Lassa fever outbreak in Nigeria_291125_48.pdf","https://ncdc.gov.ng/themes/common/files/sitreps/a4ffde537175d4dde3b786a88854832d.pdf",2025-11-29,48,2025,"a4ffde537175d4dde3b786a88854832d","lassa_sitrep_2025_w48_20251129.pdf",FALSE,TRUE,1399276,NA,7,TRUE,48,2025,4,"Table 3. Weekly and Cumulative number of suspected and confirmed cases for 2025",FALSE,"a4ffde537175d4dde3b786a88854832d",NA,"data/sitreps/png/lassa_sitrep_2025_w48_20251129_table3.png","data/sitreps/png/lassa_sitrep_2025_w48_20251129_extract.png"
38,"An update of Lassa fever outbreak in Nigeria for Week 49","06 December 2025","An update of Lassa fever outbreak in Nigeria_061225_49.pdf","https://ncdc.gov.ng/themes/common/files/sitreps/1ac1418be41afb9984e7c7163982874b.pdf",2025-12-06,49,2025,"1ac1418be41afb9984e7c7163982874b","lassa_sitrep_2025_w49_20251206.pdf",FALSE,TRUE,1417262,NA,7,TRUE,49,2025,4,"Table 3. Weekly and Cumulative number of suspected and confirmed cases for 2025",FALSE,"1ac1418be41afb9984e7c7163982874b",NA,"data/sitreps/png/lassa_sitrep_2025_w49_20251206_table3.png","data/sitreps/png/lassa_sitrep_2025_w49_20251206_extract.png"
37,"An update of Lassa fever outbreak in Nigeria for Week 50","13 December 2025","An update of Lassa fever outbreak in Nigeria_131225_50.pdf","https://ncdc.gov.ng/themes/common/files/sitreps/ca8fd67dc5b2d1fe0566e9933c54ebab.pdf",2025-12-13,50,2025,"ca8fd67dc5b2d1fe0566e9933c54ebab","lassa_sitrep_2025_w50_20251213.pdf",FALSE,TRUE,1430857,NA,7,TRUE,50,2025,4,"Table 3. Weekly and Cumulative number of suspected and confirmed cases for 2025",FALSE,"ca8fd67dc5b2d1fe0566e9933c54ebab",NA,"data/sitreps/png/lassa_sitrep_2025_w50_20251213_table3.png","data/sitreps/png/lassa_sitrep_2025_w50_20251213_extract.png"
36,"An update of Lassa fever outbreak in Nigeria for Week 51","20 December 2025","An update of Lassa fever outbreak in Nigeria_201225_51.pdf","https://ncdc.gov.ng/themes/common/files/sitreps/070ffa8b11f8e6170bb61854b22b06cb.pdf",2025-12-20,51,2025,"070ffa8b11f8e6170bb61854b22b06cb","lassa_sitrep_2025_w51_20251220.pdf",FALSE,TRUE,1387346,NA,7,TRUE,51,2025,4,"Table 3. Weekly and Cumulative number of suspected and confirmed cases for 2025",FALSE,"070ffa8b11f8e6170bb61854b22b06cb",NA,"data/sitreps/png/lassa_sitrep_2025_w51_20251220_table3.png","data/sitreps/png/lassa_sitrep_2025_w51_20251220_extract.png"
35,"An update of Lassa fever outbreak in Nigeria for Week 52","27 December 2025","An update of Lassa fever outbreak in Nigeria_271225_52.pdf","https://ncdc.gov.ng/themes/common/files/sitreps/04beb529df54f4ceb99ac291842640b4.pdf",2025-12-27,52,2025,"04beb529df54f4ceb99ac291842640b4","lassa_sitrep_2025_w52_20251227.pdf",FALSE,TRUE,1434471,NA,7,TRUE,52,2025,4,"Table 3. Weekly and Cumulative number of suspected and confirmed cases for 2025",FALSE,"04beb529df54f4ceb99ac291842640b4",NA,"data/sitreps/png/lassa_sitrep_2025_w52_20251227_table3.png","data/sitreps/png/lassa_sitrep_2025_w52_20251227_extract.png"
34,"An update of Lassa fever outbreak in Nigeria for Week 1","03 January 2026","An update of Lassa fever outbreak in Nigeria_030126_1.pdf","https://ncdc.gov.ng/themes/common/files/sitreps/09e281a5e335ce56f3efe782318ca0ea.pdf",2026-01-03,1,2026,"09e281a5e335ce56f3efe782318ca0ea","lassa_sitrep_2026_w01_20260103.pdf",FALSE,TRUE,917395,NA,7,TRUE,1,2026,4,"Table 3. Weekly and Cumulative number of suspected and confirmed cases for 2026",FALSE,"09e281a5e335ce56f3efe782318ca0ea",NA,"data/sitreps/png/lassa_sitrep_2026_w01_20260103_table3.png","data/sitreps/png/lassa_sitrep_2026_w01_20260103_extract.png"
33,"An update of Lassa fever outbreak in Nigeria for Week 2","10 January 2026","An update of Lassa fever outbreak in Nigeria_100126_2.pdf","https://ncdc.gov.ng/themes/common/files/sitreps/08187c401459ff0ca43206cda1c28004.pdf",2026-01-10,2,2026,"08187c401459ff0ca43206cda1c28004","lassa_sitrep_2026_w02_20260110.pdf",FALSE,TRUE,1085404,NA,7,TRUE,2,2026,4,"Table 3. Weekly and Cumulative number of suspected and confirmed cases for 2026",FALSE,"08187c401459ff0ca43206cda1c28004",NA,"data/sitreps/png/lassa_sitrep_2026_w02_20260110_table3.png","data/sitreps/png/lassa_sitrep_2026_w02_20260110_extract.png"
32,"An update of Lassa fever outbreak in Nigeria for Week 3","17 January 2026","An update of Lassa fever outbreak in Nigeria_170126_3.pdf","https://ncdc.gov.ng/themes/common/files/sitreps/6a2487657377bd1d55e70377a214c725.pdf",2026-01-17,3,2026,"6a2487657377bd1d55e70377a214c725","lassa_sitrep_2026_w03_20260117.pdf",FALSE,TRUE,1112547,NA,7,TRUE,3,2026,4,"Table 3. Weekly and Cumulative number of suspected and confirmed cases for 2026",FALSE,"6a2487657377bd1d55e70377a214c725",NA,"data/sitreps/png/lassa_sitrep_2026_w03_20260117_table3.png","data/sitreps/png/lassa_sitrep_2026_w03_20260117_extract.png"
31,"An update of Lassa fever outbreak in Nigeria for Week 4","24 January 2026","An update of Lassa fever outbreak in Nigeria_240126_4.pdf","https://ncdc.gov.ng/themes/common/files/sitreps/209b83e6b6cc29b8353e30e34394d8a5.pdf",2026-01-24,4,2026,"209b83e6b6cc29b8353e30e34394d8a5","lassa_sitrep_2026_w04_20260124.pdf",FALSE,TRUE,1502166,NA,7,TRUE,4,2026,4,"Table 3. Weekly and Cumulative number of suspected and confirmed cases for 2026",FALSE,"209b83e6b6cc29b8353e30e34394d8a5",NA,"data/sitreps/png/lassa_sitrep_2026_w04_20260124_table3.png","data/sitreps/png/lassa_sitrep_2026_w04_20260124_extract.png"
30,"An update of Lassa fever outbreak in Nigeria for Week 5","31 January 2026","An update of Lassa fever outbreak in Nigeria_310126_5.pdf","https://ncdc.gov.ng/themes/common/files/sitreps/e94a04b902c47c21d467d1e6a0f833d1.pdf",2026-01-31,5,2026,"e94a04b902c47c21d467d1e6a0f833d1","lassa_sitrep_2026_w05_20260131.pdf",FALSE,TRUE,1159628,NA,7,TRUE,5,2026,4,"Table 3. Weekly and Cumulative number of suspected and confirmed cases for 2026",FALSE,"e94a04b902c47c21d467d1e6a0f833d1",NA,"data/sitreps/png/lassa_sitrep_2026_w05_20260131_table3.png","data/sitreps/png/lassa_sitrep_2026_w05_20260131_extract.png"
29,"An update of Lassa fever outbreak in Nigeria for Week 6","07 February 2026","An update of Lassa fever outbreak in Nigeria_070226_6.pdf","https://ncdc.gov.ng/themes/common/files/sitreps/fa363f59cbe7ad9f567b8bb7abb1cd3d.pdf",2026-02-07,6,2026,"fa363f59cbe7ad9f567b8bb7abb1cd3d","lassa_sitrep_2026_w06_20260207.pdf",FALSE,TRUE,1604558,NA,7,TRUE,6,2026,4,"Table 3. Weekly and Cumulative number of suspected and confirmed cases for 2026",FALSE,"fa363f59cbe7ad9f567b8bb7abb1cd3d",NA,"data/sitreps/png/lassa_sitrep_2026_w06_20260207_table3.png","data/sitreps/png/lassa_sitrep_2026_w06_20260207_extract.png"
28,"An update of Lassa fever outbreak in Nigeria for Week 7","14 February 2026","An update of Lassa fever outbreak in Nigeria_140226_7.pdf","https://ncdc.gov.ng/themes/common/files/sitreps/bf2a8dc3e3ce9605d38a656508b9c84b.pdf",2026-02-14,7,2026,"bf2a8dc3e3ce9605d38a656508b9c84b","lassa_sitrep_2026_w07_20260214.pdf",FALSE,TRUE,1253641,NA,7,TRUE,7,2026,4,"Table 3. Weekly and Cumulative number of suspected and confirmed cases for 2026",FALSE,"bf2a8dc3e3ce9605d38a656508b9c84b",NA,"data/sitreps/png/lassa_sitrep_2026_w07_20260214_table3.png","data/sitreps/png/lassa_sitrep_2026_w07_20260214_extract.png"
27,"An update of Lassa fever outbreak in Nigeria for Week 8","21 February 2026","An update of Lassa fever outbreak in Nigeria_210226_8.pdf","https://ncdc.gov.ng/themes/common/files/sitreps/a7e977c574d3d5ed38de552002cfdacb.pdf",2026-02-21,8,2026,"a7e977c574d3d5ed38de552002cfdacb","lassa_sitrep_2026_w08_20260221.pdf",FALSE,TRUE,1680491,NA,7,TRUE,8,2026,4,"Table 3. Weekly and Cumulative number of suspected and confirmed cases for 2026",FALSE,"a7e977c574d3d5ed38de552002cfdacb",NA,"data/sitreps/png/lassa_sitrep_2026_w08_20260221_table3.png","data/sitreps/png/lassa_sitrep_2026_w08_20260221_extract.png"
26,"An update of Lassa fever outbreak in Nigeria for Week 9","28 February 2026","An update of Lassa fever outbreak in Nigeria_280226_9.pdf","https://ncdc.gov.ng/themes/common/files/sitreps/dd3c0ead24ab75983d665aa1a82da8cd.pdf",2026-02-28,9,2026,"dd3c0ead24ab75983d665aa1a82da8cd","lassa_sitrep_2026_w09_20260228.pdf",FALSE,TRUE,2603177,NA,7,TRUE,9,2026,4,"Table 3. Weekly and Cumulative number of suspected and confirmed cases for 2026",FALSE,"dd3c0ead24ab75983d665aa1a82da8cd",NA,"data/sitreps/png/lassa_sitrep_2026_w09_20260228_table3.png","data/sitreps/png/lassa_sitrep_2026_w09_20260228_extract.png"
25,"An update of Lassa fever outbreak in Nigeria for Week 10","07 March 2026","An update of Lassa fever outbreak in Nigeria_070326_10.pdf","https://ncdc.gov.ng/themes/common/files/sitreps/04217c6d966b18e819ad033ea7cf5134.pdf",2026-03-07,10,2026,"04217c6d966b18e819ad033ea7cf5134","lassa_sitrep_2026_w10_20260307.pdf",FALSE,TRUE,2441540,NA,7,TRUE,10,2026,4,"Table 3. Weekly and Cumulative number of suspected and confirmed cases for 2026",FALSE,"04217c6d966b18e819ad033ea7cf5134",NA,"data/sitreps/png/lassa_sitrep_2026_w10_20260307_table3.png","data/sitreps/png/lassa_sitrep_2026_w10_20260307_extract.png"
24,"An update of Lassa fever outbreak in Nigeria for Week 11","14 March 2026","An update of Lassa fever outbreak in Nigeria_140326_11.pdf","https://ncdc.gov.ng/themes/common/files/sitreps/83306284bfecdf4a04cdebfbe7d462a8.pdf",2026-03-14,11,2026,"83306284bfecdf4a04cdebfbe7d462a8","lassa_sitrep_2026_w11_20260314.pdf",FALSE,TRUE,2030086,NA,7,TRUE,11,2026,4,"Table 3. Weekly and Cumulative number of suspected and confirmed cases for 2026",FALSE,"83306284bfecdf4a04cdebfbe7d462a8",NA,"data/sitreps/png/lassa_sitrep_2026_w11_20260314_table3.png","data/sitreps/png/lassa_sitrep_2026_w11_20260314_extract.png"
23,"An update of Lassa fever outbreak in Nigeria for Week 12","21 March 2026","An update of Lassa fever outbreak in Nigeria_210326_12.pdf","https://ncdc.gov.ng/themes/common/files/sitreps/737ec170ccc4b2314df4a3e0d7c88e0d.pdf",2026-03-21,12,2026,"737ec170ccc4b2314df4a3e0d7c88e0d","lassa_sitrep_2026_w12_20260321.pdf",FALSE,TRUE,2605548,NA,7,TRUE,12,2026,4,"Table 3. Weekly and Cumulative number of suspected and confirmed cases for 2026",FALSE,"737ec170ccc4b2314df4a3e0d7c88e0d",NA,"data/sitreps/png/lassa_sitrep_2026_w12_20260321_table3.png","data/sitreps/png/lassa_sitrep_2026_w12_20260321_extract.png"
22,"An update of Lassa fever outbreak in Nigeria for Week 13","28 March 2026","An update of Lassa fever outbreak in Nigeria_280326_13.pdf","https://ncdc.gov.ng/themes/common/files/sitreps/b22d34e529b219ab6cb7367f86d4a1c7.pdf",2026-03-28,13,2026,"b22d34e529b219ab6cb7367f86d4a1c7","lassa_sitrep_2026_w13_20260328.pdf",FALSE,TRUE,2619929,NA,7,TRUE,13,2026,4,"Table 3. Weekly and Cumulative number of suspected and confirmed cases for 2026",FALSE,"b22d34e529b219ab6cb7367f86d4a1c7",NA,"data/sitreps/png/lassa_sitrep_2026_w13_20260328_table3.png","data/sitreps/png/lassa_sitrep_2026_w13_20260328_extract.png"
21,"An update of Lassa fever outbreak in Nigeria for Week 14","04 April 2026","An update of Lassa fever outbreak in Nigeria_040426_14.pdf","https://ncdc.gov.ng/themes/common/files/sitreps/17cfcdddda3a2ff22088487a8e4b3c20.pdf",2026-04-04,14,2026,"17cfcdddda3a2ff22088487a8e4b3c20","lassa_sitrep_2026_w14_20260404.pdf",FALSE,TRUE,2153785,NA,7,TRUE,14,2026,4,"Table 3. Weekly and Cumulative number of suspected and confirmed cases for 2026",FALSE,"17cfcdddda3a2ff22088487a8e4b3c20",NA,"data/sitreps/png/lassa_sitrep_2026_w14_20260404_table3.png","data/sitreps/png/lassa_sitrep_2026_w14_20260404_extract.png"
20,"An update of Lassa fever outbreak in Nigeria for Week 15","11 April 2026","An update of Lassa fever outbreak in Nigeria_110426_15.pdf","https://ncdc.gov.ng/themes/common/files/sitreps/9eab643f8ac1dfd32a50e4b2b6867f50.pdf",2026-04-11,15,2026,"9eab643f8ac1dfd32a50e4b2b6867f50","lassa_sitrep_2026_w15_20260411.pdf",FALSE,TRUE,2147281,NA,7,TRUE,15,2026,4,"Table 3. Weekly and Cumulative number of suspected and confirmed cases for 2026",FALSE,"9eab643f8ac1dfd32a50e4b2b6867f50",NA,"data/sitreps/png/lassa_sitrep_2026_w15_20260411_table3.png","data/sitreps/png/lassa_sitrep_2026_w15_20260411_extract.png"
19,"An update of Lassa fever outbreak in Nigeria for Week 16","18 April 2026","An update of Lassa fever outbreak in Nigeria_180426_16.pdf","https://ncdc.gov.ng/themes/common/files/sitreps/fd5ab14af5ffdda6983ee26375d41eb7.pdf",2026-04-18,16,2026,"fd5ab14af5ffdda6983ee26375d41eb7","lassa_sitrep_2026_w16_20260418.pdf",FALSE,TRUE,2523098,NA,7,TRUE,16,2026,4,"Table 3. Weekly and Cumulative number of suspected and confirmed cases for 2026",FALSE,"fd5ab14af5ffdda6983ee26375d41eb7",NA,"data/sitreps/png/lassa_sitrep_2026_w16_20260418_table3.png","data/sitreps/png/lassa_sitrep_2026_w16_20260418_extract.png"
18,"An update of Lassa fever outbreak in Nigeria for Week 17","25 April 2026","An update of Lassa fever outbreak in Nigeria_250426_17.pdf","https://ncdc.gov.ng/themes/common/files/sitreps/de0ed02693a7541764153afcce8cf496.pdf",2026-04-25,17,2026,"de0ed02693a7541764153afcce8cf496","lassa_sitrep_2026_w17_20260425.pdf",FALSE,TRUE,2367791,NA,7,TRUE,17,2026,4,"Table 3. Weekly and Cumulative number of suspected and confirmed cases for 2026",FALSE,"de0ed02693a7541764153afcce8cf496",NA,"data/sitreps/png/lassa_sitrep_2026_w17_20260425_table3.png","data/sitreps/png/lassa_sitrep_2026_w17_20260425_extract.png"
17,"An update of Lassa fever outbreak in Nigeria for Week 18","02 May 2026","An update of Lassa fever outbreak in Nigeria_020526_18.pdf","https://ncdc.gov.ng/themes/common/files/sitreps/c3f1f4555fb43a0b35ad435b0ebe13aa.pdf",2026-05-02,18,2026,"c3f1f4555fb43a0b35ad435b0ebe13aa","lassa_sitrep_2026_w18_20260502.pdf",FALSE,TRUE,2107758,NA,7,TRUE,18,2026,4,"Table 3. Weekly and Cumulative number of suspected and confirmed cases for 2026",FALSE,"c3f1f4555fb43a0b35ad435b0ebe13aa",NA,"data/sitreps/png/lassa_sitrep_2026_w18_20260502_table3.png","data/sitreps/png/lassa_sitrep_2026_w18_20260502_extract.png"
16,"An update of Lassa fever outbreak in Nigeria for Week 19","09 May 2026","An update of Lassa fever outbreak in Nigeria_090526_19.pdf","https://ncdc.gov.ng/themes/common/files/sitreps/de18cb8cc4f7592536d94bbd70ae4d1e.pdf",2026-05-09,19,2026,"de18cb8cc4f7592536d94bbd70ae4d1e","lassa_sitrep_2026_w19_20260509.pdf",FALSE,TRUE,2141962,NA,7,TRUE,19,2026,4,"Table 3. Weekly and Cumulative number of suspected and confirmed cases for 2026",FALSE,"de18cb8cc4f7592536d94bbd70ae4d1e",NA,"data/sitreps/png/lassa_sitrep_2026_w19_20260509_table3.png","data/sitreps/png/lassa_sitrep_2026_w19_20260509_extract.png"
15,"An update of Lassa fever outbreak in Nigeria for Week 20","16 May 2026","An update of Lassa fever outbreak in Nigeria_160526_20.pdf","https://ncdc.gov.ng/themes/common/files/sitreps/3bdf3756e46ed5e3a21b3a17b01da80a.pdf",2026-05-16,20,2026,"3bdf3756e46ed5e3a21b3a17b01da80a","lassa_sitrep_2026_w20_20260516.pdf",FALSE,TRUE,2135428,NA,7,TRUE,20,2026,4,"Table 3. Weekly and Cumulative number of suspected and confirmed cases for 2026",FALSE,"3bdf3756e46ed5e3a21b3a17b01da80a",NA,"data/sitreps/png/lassa_sitrep_2026_w20_20260516_table3.png","data/sitreps/png/lassa_sitrep_2026_w20_20260516_extract.png"
14,"An update of Lassa fever outbreak in Nigeria for Week 21","23 May 2026","An update of Lassa fever outbreak in Nigeria_230526_21.pdf","https://ncdc.gov.ng/themes/common/files/sitreps/ae47ae8c19187e1e6f9faecbad78052c.pdf",2026-05-23,21,2026,"ae47ae8c19187e1e6f9faecbad78052c","lassa_sitrep_2026_w21_20260523.pdf",FALSE,TRUE,2399679,NA,7,TRUE,21,2026,4,"Table 3. Weekly and Cumulative number of suspected and confirmed cases for 2026",FALSE,"ae47ae8c19187e1e6f9faecbad78052c",NA,"data/sitreps/png/lassa_sitrep_2026_w21_20260523_table3.png","data/sitreps/png/lassa_sitrep_2026_w21_20260523_extract.png"
13,"An update of Lassa fever outbreak in Nigeria for Week 22","30 May 2026","An update of Lassa fever outbreak in Nigeria_300526_22.pdf","https://ncdc.gov.ng/themes/common/files/sitreps/cdb2eb8acf8dbf93a9a17b597f8da884.pdf",2026-05-30,22,2026,"cdb2eb8acf8dbf93a9a17b597f8da884","lassa_sitrep_2026_w22_20260530.pdf",FALSE,TRUE,2139186,NA,7,TRUE,22,2026,4,"Table 3. Weekly and Cumulative number of suspected and confirmed cases for 2026",FALSE,"cdb2eb8acf8dbf93a9a17b597f8da884",NA,"data/sitreps/png/lassa_sitrep_2026_w22_20260530_table3.png","data/sitreps/png/lassa_sitrep_2026_w22_20260530_extract.png"
12,"An update of Lassa fever outbreak in Nigeria for Week 23","06 June 2026","An update of Lassa fever outbreak in Nigeria_060626_23.pdf","https://ncdc.gov.ng/themes/common/files/sitreps/f44e35aaf1d93099d1ea88cd67ac4144.pdf",2026-06-06,23,2026,"f44e35aaf1d93099d1ea88cd67ac4144","lassa_sitrep_2026_w23_20260606.pdf",FALSE,TRUE,2150901,NA,7,TRUE,23,2026,4,"Table 3. Weekly and Cumulative number of suspected and confirmed cases for 2026",FALSE,"f44e35aaf1d93099d1ea88cd67ac4144",NA,"data/sitreps/png/lassa_sitrep_2026_w23_20260606_table3.png","data/sitreps/png/lassa_sitrep_2026_w23_20260606_extract.png"
11,"An update of Lassa fever outbreak in Nigeria for Week 24","13 June 2026","An update of Lassa fever outbreak in Nigeria_130626_24.pdf","https://ncdc.gov.ng/themes/common/files/sitreps/235b8dd88f04846cb16abf2b04ce3240.pdf",2026-06-13,24,2026,"235b8dd88f04846cb16abf2b04ce3240","lassa_sitrep_2026_w24_20260613.pdf",FALSE,TRUE,2152097,NA,7,TRUE,24,2026,4,"Table 3. Weekly and Cumulative number of suspected and confirmed cases for 2026",FALSE,"235b8dd88f04846cb16abf2b04ce3240",NA,"data/sitreps/png/lassa_sitrep_2026_w24_20260613_table3.png","data/sitreps/png/lassa_sitrep_2026_w24_20260613_extract.png"
10,"An update of Lassa fever outbreak in Nigeria for Week 25","20 June 2026","An update of Lassa fever outbreak in Nigeria_200626_25.pdf","https://ncdc.gov.ng/themes/common/files/sitreps/2b5eb87b18e46a8cce84ebc1385bc1ea.pdf",2026-06-20,25,2026,"2b5eb87b18e46a8cce84ebc1385bc1ea","lassa_sitrep_2026_w25_20260620.pdf",FALSE,TRUE,2143933,NA,7,TRUE,25,2026,4,"Table 3. Weekly and Cumulative number of suspected and confirmed cases for 2026",FALSE,"2b5eb87b18e46a8cce84ebc1385bc1ea",NA,"data/sitreps/png/lassa_sitrep_2026_w25_20260620_table3.png","data/sitreps/png/lassa_sitrep_2026_w25_20260620_extract.png"
9,"An update of Lassa fever outbreak in Nigeria for Week 26","27 June 2026","An update of Lassa fever outbreak in Nigeria_270626_26.pdf","https://ncdc.gov.ng/themes/common/files/sitreps/35ce4df24164fc021ce29b3641d7af88.pdf",2026-06-27,26,2026,"35ce4df24164fc021ce29b3641d7af88","lassa_sitrep_2026_w26_20260627.pdf",FALSE,TRUE,2038349,NA,7,TRUE,26,2026,4,"Table 3. Weekly and Cumulative number of suspected and confirmed cases for 2026",FALSE,"35ce4df24164fc021ce29b3641d7af88",NA,"data/sitreps/png/lassa_sitrep_2026_w26_20260627_table3.png","data/sitreps/png/lassa_sitrep_2026_w26_20260627_extract.png"
8,"An update of Lassa fever outbreak in Nigeria for Week 27","04 July 2026","An update of Lassa fever outbreak in Nigeria_040726_27.pdf","https://ncdc.gov.ng/themes/common/files/sitreps/2818e883cef02e01ed8064c59c380f7f.pdf",2026-07-04,27,2026,"2818e883cef02e01ed8064c59c380f7f","lassa_sitrep_2026_w27_20260704.pdf",FALSE,TRUE,2147630,NA,7,TRUE,27,2026,4,"Table 3. Weekly and Cumulative number of suspected and confirmed cases for 2026",FALSE,"2818e883cef02e01ed8064c59c380f7f",NA,"data/sitreps/png/lassa_sitrep_2026_w27_20260704_table3.png","data/sitreps/png/lassa_sitrep_2026_w27_20260704_extract.png"
7,"An update of Lassa fever outbreak in Nigeria for Week 28","11 July 2026","An update of Lassa fever outbreak in Nigeria_110726_28.pdf","https://ncdc.gov.ng/themes/common/files/sitreps/8456b5cb3922b821cb60366351b530da.pdf",2026-07-11,28,2026,"8456b5cb3922b821cb60366351b530da","lassa_sitrep_2026_w28_20260711.pdf",FALSE,TRUE,1683975,NA,7,TRUE,28,2026,4,"Table 3. Weekly and Cumulative number of suspected and confirmed cases for 2026",FALSE,"8456b5cb3922b821cb60366351b530da",NA,"data/sitreps/png/lassa_sitrep_2026_w28_20260711_table3.png","data/sitreps/png/lassa_sitrep_2026_w28_20260711_extract.png"
6,"An update of Lassa fever outbreak in Nigeria for Week 29","18 July 2026","An update of Lassa fever outbreak in Nigeria_180726_29.pdf","https://ncdc.gov.ng/themes/common/files/sitreps/85abecf63f1eaf25b8e5b6fb871eeff3.pdf",2026-07-18,29,2026,"85abecf63f1eaf25b8e5b6fb871eeff3","lassa_sitrep_2026_w29_20260718.pdf",FALSE,TRUE,2536725,NA,7,TRUE,29,2026,4,"Table 3. Weekly and Cumulative number of suspected and confirmed cases for 2026",FALSE,"85abecf63f1eaf25b8e5b6fb871eeff3",NA,"data/sitreps/png/lassa_sitrep_2026_w29_20260718_table3.png","data/sitreps/png/lassa_sitrep_2026_w29_20260718_extract.png"
5,"An update of Lassa fever outbreak in Nigeria for Week 30","25 July 2026","An update of Lassa fever outbreak in Nigeria_250726_30.pdf","https://ncdc.gov.ng/themes/common/files/sitreps/f4e7c9199cc83d82bfa149d43bfb6ed9.pdf",2026-07-25,30,2026,"f4e7c9199cc83d82bfa149d43bfb6ed9","lassa_sitrep_2026_w30_20260725.pdf",FALSE,TRUE,2155101,NA,8,TRUE,30,2026,4,"Table 3. Weekly and Cumulative number of suspected and confirmed cases for 2026",FALSE,"f4e7c9199cc83d82bfa149d43bfb6ed9",NA,"data/sitreps/png/lassa_sitrep_2026_w30_20260725_table3.png","data/sitreps/png/lassa_sitrep_2026_w30_20260725_extract.png"
4,"An update of Lassa fever outbreak in Nigeria for Week 31","01 August 2026","An update of Lassa fever outbreak in Nigeria_010826_31.pdf","https://ncdc.gov.ng/themes/common/files/sitreps/a373aae5ca8b3ff2346793d5bbed5cbb.pdf",2026-08-01,31,2026,"a373aae5ca8b3ff2346793d5bbed5cbb","lassa_sitrep_2026_w31_20260801.pdf",FALSE,TRUE,2142796,NA,8,TRUE,31,2026,4,"Table 3. Weekly and Cumulative number of suspected and confirmed cases for 2026",FALSE,"a373aae5ca8b3ff2346793d5bbed5cbb",NA,"data/sitreps/png/lassa_sitrep_2026_w31_20260801_table3.png","data/sitreps/png/lassa_sitrep_2026_w31_20260801_extract.png"
3,"An update of Lassa fever outbreak in Nigeria for Week 32","08 August 2026","An update of Lassa fever outbreak in Nigeria_080826_32.pdf","https://ncdc.gov.ng/themes/common/files/sitreps/96c09a30808c7b5d5f3db045fe340770.pdf",2026-08-08,32,2026,"96c09a30808c7b5d5f3db045fe340770","lassa_sitrep_2026_w32_20260808.pdf",FALSE,TRUE,2256731,NA,8,TRUE,32,2026,4,"Table 3. Weekly and Cumulative number of suspected and confirmed cases for 2026",FALSE,"96c09a30808c7b5d5f3db045fe340770",NA,"data/sitreps/png/lassa_sitrep_2026_w32_20260808_table3.png","data/sitreps/png/lassa_sitrep_2026_w32_20260808_extract.png"
2,"An update of Lassa fever outbreak in Nigeria for Week 33","15 August 2026","An update of Lassa fever outbreak in Nigeria_150826_33.pdf","https://ncdc.gov.ng/themes/common/files/sitreps/fe81caea94c6909fe650cd814949a985.pdf",2026-08-15,33,2026,"fe81caea94c6909fe650cd814949a985","lassa_sitrep_2026_w33_20260815.pdf",FALSE,TRUE,2157301,NA,8,TRUE,33,2026,4,"Table 3. Weekly and Cumulative number of suspected and confirmed cases for 2026",FALSE,"fe81caea94c6909fe650cd814949a985",NA,"data/sitreps/png/lassa_sitrep_2026_w33_20260815_table3.png","data/sitreps/png/lassa_sitrep_2026_w33_20260815_extract.png"
1,"An update of Lassa fever outbreak in Nigeria for Week 34","22 August 2026","An update of Lassa fever outbreak in Nigeria_220826_34.pdf","https://ncdc.gov.ng/themes/common/files/sitreps/b0fedda076a0b27d21d5a09678dd69a0.pdf",2026-08-22,34,2026,"b0fedda076a0b27d21d5a09678dd69a0","lassa_sitrep_2026_w34_20260822.pdf",FALSE,TRUE,2160554,NA,8,TRUE,34,2026,4,"Table 3. Weekly and Cumulative number of suspected and confirmed cases for 2026",FALSE,"b0fedda076a0b27d21d5a09678dd69a0",NA,"data/sitreps/png/lassa_sitrep_2026_w34_20260822_table3.png","data/sitreps/png/lassa_sitrep_2026_w34_20260822_extract.png"
482,"An update of Lassa fever outbreak in Nigeria for Week 613566758","","An update of Lassa fever outbreak in Nigeria_000000_613566758.pdf","https://ncdc.gov.ng/themes/common/files/sitreps/f781e8e072592b37f51a19723a01cbba.pdf",NA,613566758,NA,"f781e8e072592b37f51a19723a01cbba","lassa_sitrep_unknown_f781e8e072592b37f51a19723a01cbba.pdf",FALSE,TRUE,1557536,NA,6,TRUE,3,2020,4,"Table 3. Total number of confirmed cases for 2020 and new confirmed cases for the current week by",TRUE,"f781e8e072592b37f51a19723a01cbba","lassa_sitrep_2020_w03_20200118.pdf","data/sitreps/png/lassa_sitrep_unknown_f781e8e072592b37f51a19723a01cbba_table3.png","data/sitreps/png/lassa_sitrep_unknown_f781e8e072592b37f51a19723a01cbba_extract.png"
